﻿<?xml version="1.0" encoding="utf-8"?>
<!--XML file automatically generated by WorkVisual V5.0.7_Build0755.-->
<!--DO NOT EDIT-->
<WaggonDriverConfig xsi:noNamespaceSchemaLocation="../../../System/Common/Schemes/WaggonDriverConfig.xsd" xmlns:xsi="http://www.w3.org/2001/XMLSchema-instance">
  <Version Label="">
    <Info Version="KUKA V8.3" />
    <Schema Version="1" />
  </Version>
  <WaggonDriver ID="106">
    <!--KPP-Supply Daten-Kanal 1 von KPP-->
    <Input>
      <Offset VendorID="24776" ProductCode="81" VarName="DI Inputs.Statuswort Versorger" Occurrence="0" />
    </Input>
    <Output>
      <Offset VendorID="24776" ProductCode="81" VarName="DO Outputs.Steuerwort Versorger" Occurrence="0" />
    </Output>
  </WaggonDriver>
  <WaggonDriver ID="100">
    <!--CCFRDC3 Resolver Digital Converter-->
    <Input>
      <Offset VendorID="24776" ProductCode="48" VarName="FSoE-Drive In.Position 1" Occurrence="0" />
      <Offset VendorID="24776" ProductCode="48" VarName="FSoE-Drive In.Position 2" Occurrence="0" />
      <Offset VendorID="24776" ProductCode="48" VarName="FSoE-Drive In.Position 3" Occurrence="0" />
      <Offset VendorID="24776" ProductCode="48" VarName="FSoE-Drive In.Position 4" Occurrence="0" />
      <Offset VendorID="24776" ProductCode="48" VarName="FSoE-Drive In.Position 5" Occurrence="0" />
      <Offset VendorID="24776" ProductCode="48" VarName="FSoE-Drive In.Position 6" Occurrence="0" />
    </Input>
    <AdditionalOffsets type="global">
      <Input>
        <Offset VendorID="24776" ProductCode="48" VarName="FSoE-Drive In.Command" Occurrence="0" WDVarDescription="RDC-Global-Data" />
      </Input>
    </AdditionalOffsets>
  </WaggonDriver>
  <WaggonDriver ID="101">
    <!--KSP-Daten-Kanaele von KSP-->
    <Input>
      <Offset VendorID="24776" ProductCode="83" VarName="DI Inputs.Statuswort Antrieb 1" Occurrence="1" />
      <Offset VendorID="24776" ProductCode="83" VarName="DI Inputs.Statuswort Antrieb 2" Occurrence="1" />
      <Offset VendorID="24776" ProductCode="83" VarName="DI Inputs.Statuswort Antrieb 3" Occurrence="1" />
      <Offset VendorID="24776" ProductCode="83" VarName="DI Inputs.Statuswort Antrieb 1" Occurrence="0" />
      <Offset VendorID="24776" ProductCode="83" VarName="DI Inputs.Statuswort Antrieb 2" Occurrence="0" />
      <Offset VendorID="24776" ProductCode="83" VarName="DI Inputs.Statuswort Antrieb 3" Occurrence="0" />
    </Input>
    <Output>
      <Offset VendorID="24776" ProductCode="83" VarName="DO Outputs.Steuerwort Antrieb 1" Occurrence="1" />
      <Offset VendorID="24776" ProductCode="83" VarName="DO Outputs.Steuerwort Antrieb 2" Occurrence="1" />
      <Offset VendorID="24776" ProductCode="83" VarName="DO Outputs.Steuerwort Antrieb 3" Occurrence="1" />
      <Offset VendorID="24776" ProductCode="83" VarName="DO Outputs.Steuerwort Antrieb 1" Occurrence="0" />
      <Offset VendorID="24776" ProductCode="83" VarName="DO Outputs.Steuerwort Antrieb 2" Occurrence="0" />
      <Offset VendorID="24776" ProductCode="83" VarName="DO Outputs.Steuerwort Antrieb 3" Occurrence="0" />
    </Output>
  </WaggonDriver>
</WaggonDriverConfig>