<?xml version="1.0" encoding="UTF-8" standalone="no" ?><!-- KUKA Roboter (C) 2009 --><!-- rrg, 2009-09-10 --><RobotInfo MajorVersion="0" MinorVersion="0">
   <RobotData Timestamp="2019.04.15 09:22:53.102762167">
      <SerialNumber Checksum="-703048771">1239823</SerialNumber>
      <RobotType Checksum="-533278600">#KR240R2900 ULTRA C4 FLR</RobotType>
   </RobotData>
   <MamesOffsets Timestamp="2019.04.15 09:45:47.183200401">
      <File Checksum="-362846225">1239823.mam</File>
   </MamesOffsets>
   <AbsoluteAccuracy Timestamp="2019.04.15 09:22:53.102762167">
      <File Checksum="-1607895890">noAbsAccur</File>
      <UsedModelVersion Checksum="-613506836">100.0</UsedModelVersion>
   </AbsoluteAccuracy>
</RobotInfo>