<?xml version="1.0"?>
<SafetyConfigData xmlns:xsi="http://www.w3.org/2001/XMLSchema-instance" xmlns:xsd="http://www.w3.org/2001/XMLSchema">
  <AxisRangeNameItems />
  <ChangeLog>
    <Entries>
      <ProtocolEntry>
        <MessageKey>ChangeLog_HardwareParameterChanged</MessageKey>
        <MessageParams />
        <Timestamp>2019-04-05T08:25:16.6101182+02:00</Timestamp>
      </ProtocolEntry>
      <ProtocolEntry>
        <MessageKey>ChangeLog_ConfigurationSaved</MessageKey>
        <MessageParams />
        <Timestamp>2019-04-05T08:25:16.6191422+02:00</Timestamp>
      </ProtocolEntry>
      <ProtocolEntry>
        <MessageKey>ChangeLog_HardwareParameterChanged</MessageKey>
        <MessageParams />
        <Timestamp>2019-04-05T08:25:24.1656362+02:00</Timestamp>
      </ProtocolEntry>
      <ProtocolEntry>
        <MessageKey>ChangeLog_ReferenceAdjustmentParameterChanged</MessageKey>
        <MessageParams />
        <Timestamp>2019-04-05T08:25:24.2007321+02:00</Timestamp>
      </ProtocolEntry>
      <ProtocolEntry>
        <MessageKey>ChangeLog_AxisMonitoringParameterChanged</MessageKey>
        <MessageParams />
        <Timestamp>2019-04-05T08:25:24.2007321+02:00</Timestamp>
      </ProtocolEntry>
      <ProtocolEntry>
        <MessageKey>ChangeLog_MachineDataUpdated</MessageKey>
        <MessageParams />
        <Timestamp>2019-04-05T08:25:24.4438813+02:00</Timestamp>
      </ProtocolEntry>
      <ProtocolEntry>
        <MessageKey>ChangeLog_ConfigurationSaved</MessageKey>
        <MessageParams />
        <Timestamp>2019-04-05T08:25:24.447892+02:00</Timestamp>
      </ProtocolEntry>
      <ProtocolEntry>
        <MessageKey>ChangeLog_HardwareParameterChanged</MessageKey>
        <MessageParams />
        <Timestamp>2019-07-31T08:49:47.9467482+02:00</Timestamp>
      </ProtocolEntry>
      <ProtocolEntry>
        <MessageKey>ChangeLog_ReferenceAdjustmentParameterChanged</MessageKey>
        <MessageParams />
        <Timestamp>2019-07-31T08:49:48.0000835+02:00</Timestamp>
      </ProtocolEntry>
      <ProtocolEntry>
        <MessageKey>ChangeLog_AxisMonitoringParameterChanged</MessageKey>
        <MessageParams />
        <Timestamp>2019-07-31T08:49:48.0000835+02:00</Timestamp>
      </ProtocolEntry>
      <ProtocolEntry>
        <MessageKey>ChangeLog_MachineDataUpdated</MessageKey>
        <MessageParams />
        <Timestamp>2019-07-31T08:49:48.0449634+02:00</Timestamp>
      </ProtocolEntry>
      <ProtocolEntry>
        <MessageKey>ChangeLog_ConfigurationSaved</MessageKey>
        <MessageParams />
        <Timestamp>2019-07-31T08:49:48.0539395+02:00</Timestamp>
      </ProtocolEntry>
    </Entries>
  </ChangeLog>
  <OverwriteEntries>
    <Overwrites />
  </OverwriteEntries>
  <DevDescrRevision>589825</DevDescrRevision>
  <LastModified>2019-07-31T08:49:48.091838+02:00</LastModified>
  <MachineDataLastModified>2019-07-31T08:49:48.0449634+02:00</MachineDataLastModified>
  <ProjectName>-</ProjectName>
  <ToolNameItems />
  <Version>3</Version>
  <WorksheetCrc>2977277625</WorksheetCrc>
  <MonitoringSpaceNameItems />
  <WorkspaceNameItems />
</SafetyConfigData>