<?xml version="1.0" encoding="UTF-8" standalone="no" ?><!-- KUKA Roboter (C) 2009 --><!-- rrg, 2009-09-10 --><RobotInfo MajorVersion="0" MinorVersion="0">
   <RobotData Timestamp="2019.04.16 12:52:27.365510488">
      <SerialNumber Checksum="388651545">1239827</SerialNumber>
      <RobotType Checksum="-533278600">#KR240R2900 ULTRA C4 FLR</RobotType>
   </RobotData>
   <MamesOffsets Timestamp="2019.04.16 13:10:37.305025430">
      <File Checksum="1201726174">1239827.mam</File>
   </MamesOffsets>
   <AbsoluteAccuracy Timestamp="2019.04.16 12:52:27.365510488">
      <File Checksum="-1607895890">noAbsAccur</File>
      <UsedModelVersion Checksum="-613506836">100.0</UsedModelVersion>
   </AbsoluteAccuracy>
</RobotInfo>