<?xml version="1.0"?>
<SpaceVisualizationConfiguration xmlns:xsi="http://www.w3.org/2001/XMLSchema-instance" xmlns:xsd="http://www.w3.org/2001/XMLSchema">
  <CameraLookDirection>
    <X>76.570130278049717</X>
    <Y>-56.27570142627377</Y>
    <Z>-19.854065925280242</Z>
  </CameraLookDirection>
  <CameraPosition>
    <X>-76.570130278049717</X>
    <Y>59.295701426273773</Y>
    <Z>19.854065925280242</Z>
  </CameraPosition>
  <FloorSize>300</FloorSize>
  <CameraDistance>50</CameraDistance>
  <SelectedModel xsi:type="Joint">
    <Id>0</Id>
    <ConsiderNumberOfAxes>0</ConsiderNumberOfAxes>
    <CurrentPointInSpace>
      <X>0</X>
      <Y>3.02</Y>
      <Z>0</Z>
    </CurrentPointInSpace>
    <IsSelected>true</IsSelected>
  </SelectedModel>
</SpaceVisualizationConfiguration>