<?xml version="1.0" encoding="UTF-8"?>
<RobRuntimeLog xsi:noNamespaceSchemaLocation="/Roboter/Config/System/Common/Schemes/RobRuntimeLog.xsd" xmlns:xsi="http://www.w3.org/2001/XMLSchema-instance">
   <RobRuntime Date="2021-05-25 01:55" SerialNo="1239823" Runtime="943" />
   <RobRuntime Date="2021-05-25 06:05" SerialNo="1239823" Runtime="944" />
   <RobRuntime Date="2021-05-25 08:59" SerialNo="1239823" Runtime="945" />
   <RobRuntime Date="2021-05-25 12:01" SerialNo="1239823" Runtime="946" />
   <RobRuntime Date="2021-05-25 15:39" SerialNo="1239823" Runtime="947" />
   <RobRuntime Date="2021-05-25 19:21" SerialNo="1239823" Runtime="948" />
   <RobRuntime Date="2021-05-25 22:20" SerialNo="1239823" Runtime="949" />
   <RobRuntime Date="2021-05-26 00:45" SerialNo="1239823" Runtime="950" />
   <RobRuntime Date="2021-05-26 03:36" SerialNo="1239823" Runtime="951" />
   <RobRuntime Date="2021-05-26 07:23" SerialNo="1239823" Runtime="952" />
</RobRuntimeLog>