﻿<?xml version="1.0" encoding="utf-8"?>
<!--XML file automatically generated by WorkVisual V5.0.7_Build0755.-->
<!--DO NOT EDIT-->
<CtrlParam xsi:noNamespaceSchemaLocation="../../../../System/Common/Schemes/NGCtrl.xsd" xmlns:xsi="http://www.w3.org/2001/XMLSchema-instance">
  <Version Label="">
    <Info Version="KUKA V8.3" />
    <Schema Version="1" />
  </Version>
  <Machine Name="PermanenteZange" />
  <Controller ID="0" />
  <GlobalParameter Name="CmdPosDelay" Index="0" MinValue="0.0" MaxValue="0.0" EvalBoundary="Min" Access="ro" Value="3000.0" />
  <GlobalParameter Name="FFCVelocity" Index="1" MinValue="0.0" MaxValue="1.0" EvalBoundary="MinMax" Access="ro" Value="1.0" />
  <GlobalParameter Name="FFCTorque" Index="2" MinValue="0.0" MaxValue="1.0" EvalBoundary="MinMax" Access="ro" Value="0.0" />
  <GlobalParameter Name="CtrlCycle" Index="3" MinValue="1.0" MaxValue="0.0" EvalBoundary="Min" Access="ro" Value="1.0" />
  <GlobalParameter Name="CtrlOffset" Index="5" MinValue="0.0" MaxValue="0.0" EvalBoundary="Min" Access="ro" Value="0.0" />
  <Parameter Name="PosGain" Index="0" MinValue="0.0" MaxValue="0.0" EvalBoundary="Min" Access="rw">
    <Set Name="PTP" Value="60.0" />
    <Set Name="CP" Value="60.0" />
  </Parameter>
  <Parameter Name="PosIntTime" Index="1" MinValue="0.0" MaxValue="0.0" EvalBoundary="Min" Access="rw">
    <Set Name="PTP" Value="0.0" />
    <Set Name="CP" Value="0.0" />
  </Parameter>
  <Parameter Name="VelGain" Index="2" MinValue="0.0" MaxValue="0.0" EvalBoundary="Min" Access="rw">
    <Set Name="PTP" Value="0.025" />
    <Set Name="CP" Value="0.017778" />
  </Parameter>
  <Parameter Name="VelIntTime" Index="3" MinValue="0.0" MaxValue="0.0" EvalBoundary="Min" Access="rw">
    <Set Name="PTP" Value="0.2" />
    <Set Name="CP" Value="0.2" />
  </Parameter>
</CtrlParam>