﻿<?xml version="1.0" encoding="utf-8"?>
<!--XML file automatically generated by WorkVisual V5.0.7_Build0755.-->
<!--DO NOT EDIT-->
<IPPNIO xmlns:xsi="http://www.w3.org/2001/XMLSchema-instance" xmlns:xsd="http://www.w3.org/2001/XMLSchema" xsi:noNamespaceSchemaLocation="/Roboter/Config/System/Common/Schemes/IPPNIO.xsd">
  <Version>
    <UUID ExCRC="1">80053263302125847751811609177519411219</UUID>
    <CfgBrokerVersion>14.2.3.6</CfgBrokerVersion>
    <CRC ExCRC="1" CRCVal="1324768559" />
  </Version>
  <CtlrParas>
    <CtlrIP d1="0" d2="0" d3="0" d4="0" ExCRC="0" />
    <CtlrMask d1="0" d2="0" d3="0" d4="0" ExCRC="0" />
    <CtlrGate d1="0" d2="0" d3="0" d4="0" ExCRC="0" />
    <StatN />
    <Station ExCRC="1" />
    <DevName ExCRC="1" />
    <ModEquId ExCRC="1" />
    <FDCMLFile />
    <CEId />
  </CtlrParas>
  <ARs>
    <AR BlVers="256" ARTyp="IO_AR_SINGLE" ARUID="204" MulWrt="true" FSUMdTout="0">
      <ARUUID d1="1554543192" d2="50957" d3="2482" d4="160" d5="46" d6="27" d7="116" d8="162" d9="134" d10="35" d11="141" />
      <ARProp State="PRIMARY" SVTO="NOT_ALLOWED" PSrv="CM_INITIATOR" DRate="DR_AT_LEAST_100_MBIT" CRTr="SRT_TRANSPORT" CfgDiff="ALLOWED" LogConStat="YES" IgnFS="NO" AdvStUpMd="LEGACY" />
      <CRs CRCnt="2">
        <CRPara BlVers="256" CRID="1" RTCls="RT_CLASS2_RTC" MdRedn="false" CRTyp="INPUT_CR" DatLn="9" FrID="36864" SndClc="32" RedRat="4" Phs="3" Seq="0" FrOffst="BEST_EFFORT" WtchD="3" DatHld="3">
          <CRHdr VLID="NO_VLANID" CRPrio="IOCR_PRIORITY" />
          <MCAddr d1="0" d2="0" d3="0" d4="0" d5="0" d6="0" />
          <RelAPICRs APICnt="1">
            <APICR API="0">
              <RelDatas RelDatCnt="5">
                <RelDat SlNr="0" SSlNr="1" />
                <RelDat SlNr="0" SSlNr="32768" />
                <RelDat SlNr="0" SSlNr="32769" />
                <RelDat SlNr="0" SSlNr="32770" />
                <RelDat SlNr="2" SSlNr="1" />
              </RelDatas>
              <RelIOCSs RelIOCSCnt="2">
                <RelIOCS SlNr="1" SSlNr="1" />
                <RelIOCS SlNr="3" SSlNr="1" />
              </RelIOCSs>
            </APICR>
          </RelAPICRs>
        </CRPara>
        <CRPara BlVers="256" CRID="1" RTCls="RT_CLASS2_RTC" MdRedn="false" CRTyp="OUTPUT_CR" DatLn="12" FrID="65535" SndClc="32" RedRat="4" Phs="3" Seq="0" FrOffst="BEST_EFFORT" WtchD="3" DatHld="3">
          <CRHdr VLID="NO_VLANID" CRPrio="IOCR_PRIORITY" />
          <MCAddr d1="0" d2="0" d3="0" d4="0" d5="0" d6="0" />
          <RelAPICRs APICnt="1">
            <APICR API="0">
              <RelDatas RelDatCnt="2">
                <RelDat SlNr="1" SSlNr="1" />
                <RelDat SlNr="3" SSlNr="1" />
              </RelDatas>
              <RelIOCSs RelIOCSCnt="5">
                <RelIOCS SlNr="0" SSlNr="1" />
                <RelIOCS SlNr="0" SSlNr="32768" />
                <RelIOCS SlNr="0" SSlNr="32769" />
                <RelIOCS SlNr="0" SSlNr="32770" />
                <RelIOCS SlNr="2" SSlNr="1" />
              </RelIOCSs>
            </APICR>
          </RelAPICRs>
        </CRPara>
      </CRs>
      <ModParas ModParCnt="4">
        <ModPara SlNr="0">
          <ModName ExCRC="1" />
          <ModEquId ExCRC="1" />
          <FDCMLFile />
          <CEId>ceModule</CEId>
        </ModPara>
        <ModPara SlNr="1">
          <ModName ExCRC="1" />
          <ModEquId ExCRC="1" />
          <FDCMLFile />
          <CEId>ceModule</CEId>
        </ModPara>
        <ModPara SlNr="2">
          <ModName ExCRC="1" />
          <ModEquId ExCRC="1" />
          <FDCMLFile />
          <CEId>ceModule</CEId>
        </ModPara>
        <ModPara SlNr="3">
          <ModName ExCRC="1" />
          <ModEquId ExCRC="1" />
          <FDCMLFile />
          <CEId>ceModule</CEId>
        </ModPara>
      </ModParas>
      <SMParas SMCnt="4">
        <SMPara>
          <RelAPISMs BlVers="256" RelAPICnt="1">
            <APISM API="0" SlNr="0" ModID="768" ModProp="0">
              <SMs SMCnt="4">
                <SMDes SSlNr="1" SMID="1">
                  <SMProp Shar="INVALID" SMTyp="NO_IO" />
                  <SMElDess ElCnt="2">
                    <SMElDes Intpret="IOCS" Descr="DATA_OUTPUT" Len="1" SubsMod="NULL_VALUE" Offst="0" />
                    <SMElDes Intpret="IOPS" Descr="DATA_INPUT" Len="1" SubsMod="NULL_VALUE" Offst="5" />
                  </SMElDess>
                  <ModName ExCRC="1" />
                  <ModEquId ExCRC="1" />
                  <FDCMLFile />
                  <CEId>ceModule</CEId>
                </SMDes>
                <SMDes SSlNr="32768" SMID="2">
                  <SMProp Shar="INVALID" SMTyp="NO_IO" />
                  <SMElDess ElCnt="2">
                    <SMElDes Intpret="IOCS" Descr="DATA_OUTPUT" Len="1" SubsMod="NULL_VALUE" Offst="1" />
                    <SMElDes Intpret="IOPS" Descr="DATA_INPUT" Len="1" SubsMod="NULL_VALUE" Offst="6" />
                  </SMElDess>
                  <ModName ExCRC="1" />
                  <ModEquId ExCRC="1" />
                  <FDCMLFile />
                  <CEId>ceModule</CEId>
                </SMDes>
                <SMDes SSlNr="32769" SMID="3">
                  <SMProp Shar="INVALID" SMTyp="NO_IO" />
                  <SMElDess ElCnt="2">
                    <SMElDes Intpret="IOCS" Descr="DATA_OUTPUT" Len="1" SubsMod="NULL_VALUE" Offst="2" />
                    <SMElDes Intpret="IOPS" Descr="DATA_INPUT" Len="1" SubsMod="NULL_VALUE" Offst="7" />
                  </SMElDess>
                  <ModName ExCRC="1" />
                  <ModEquId ExCRC="1" />
                  <FDCMLFile />
                  <CEId>ceModule</CEId>
                </SMDes>
                <SMDes SSlNr="32770" SMID="3">
                  <SMProp Shar="INVALID" SMTyp="NO_IO" />
                  <SMElDess ElCnt="2">
                    <SMElDes Intpret="IOCS" Descr="DATA_OUTPUT" Len="1" SubsMod="NULL_VALUE" Offst="3" />
                    <SMElDes Intpret="IOPS" Descr="DATA_INPUT" Len="1" SubsMod="NULL_VALUE" Offst="8" />
                  </SMElDess>
                  <ModName ExCRC="1" />
                  <ModEquId ExCRC="1" />
                  <FDCMLFile />
                  <CEId>ceModule</CEId>
                </SMDes>
              </SMs>
            </APISM>
          </RelAPISMs>
        </SMPara>
        <SMPara>
          <RelAPISMs BlVers="256" RelAPICnt="1">
            <APISM API="0" SlNr="1" ModID="2" ModProp="0">
              <SMs SMCnt="1">
                <SMDes SSlNr="1" SMID="2">
                  <SMProp Shar="INVALID" SMTyp="OUTPUT" />
                  <SMElDess ElCnt="3">
                    <SMElDes Intpret="DATA" Descr="DATA_OUTPUT" Len="4" SubsMod="NULL_VALUE" Offst="5" />
                    <SMElDes Intpret="IOCS" Descr="DATA_INPUT" Len="1" SubsMod="NULL_VALUE" Offst="0" />
                    <SMElDes Intpret="IOPS" Descr="DATA_OUTPUT" Len="1" SubsMod="NULL_VALUE" Offst="9" />
                  </SMElDess>
                  <ModName ExCRC="1" />
                  <ModEquId ExCRC="1" />
                  <FDCMLFile />
                  <CEId>ceModule</CEId>
                </SMDes>
              </SMs>
            </APISM>
          </RelAPISMs>
        </SMPara>
        <SMPara>
          <RelAPISMs BlVers="256" RelAPICnt="1">
            <APISM API="0" SlNr="2" ModID="16" ModProp="0">
              <SMs SMCnt="1">
                <SMDes SSlNr="1" SMID="1">
                  <SMProp Shar="NO_SHARED_INPUT" SMTyp="INPUT" />
                  <SMElDess ElCnt="3">
                    <SMElDes Intpret="DATA" Descr="DATA_INPUT" Len="2" SubsMod="NULL_VALUE" Offst="2" />
                    <SMElDes Intpret="IOCS" Descr="DATA_OUTPUT" Len="1" SubsMod="NULL_VALUE" Offst="4" />
                    <SMElDes Intpret="IOPS" Descr="DATA_INPUT" Len="1" SubsMod="NULL_VALUE" Offst="4" />
                  </SMElDess>
                  <ModName ExCRC="1" />
                  <ModEquId ExCRC="1" />
                  <FDCMLFile />
                  <CEId>ceModule</CEId>
                </SMDes>
              </SMs>
            </APISM>
          </RelAPISMs>
        </SMPara>
        <SMPara>
          <RelAPISMs BlVers="256" RelAPICnt="1">
            <APISM API="0" SlNr="3" ModID="24" ModProp="0">
              <SMs SMCnt="1">
                <SMDes SSlNr="1" SMID="1">
                  <SMProp Shar="INVALID" SMTyp="OUTPUT" />
                  <SMElDess ElCnt="3">
                    <SMElDes Intpret="DATA" Descr="DATA_OUTPUT" Len="1" SubsMod="NULL_VALUE" Offst="10" />
                    <SMElDes Intpret="IOCS" Descr="DATA_INPUT" Len="1" SubsMod="NULL_VALUE" Offst="1" />
                    <SMElDes Intpret="IOPS" Descr="DATA_OUTPUT" Len="1" SubsMod="NULL_VALUE" Offst="11" />
                  </SMElDess>
                  <ModName ExCRC="1" />
                  <ModEquId ExCRC="1" />
                  <FDCMLFile />
                  <CEId>ceModule</CEId>
                </SMDes>
              </SMs>
            </APISM>
          </RelAPISMs>
        </SMPara>
      </SMParas>
      <AlCRParas AlCRCnt="1">
        <AlCRPara BlVers="256" AlCRPrTp="DATA_RTA_PDU" Prio="USER_PRIORITY" RTATmout="100" Retr="3" LocAlRef="0" MaxAlLen="200" />
      </AlCRParas>
      <DevParas>
        <DevPara DevID="86" VndID="131" DevIns="1" StatNLen="22" StatN="kaadac214030r01rp-1ka1" IPovDNS="false">
          <IP d1="172" d2="29" d3="89" d4="204" />
          <Mask d1="255" d2="255" d3="255" d4="0" />
          <Gate d1="172" d2="29" d3="89" d4="1" />
          <Station ExCRC="1" />
          <DevName ExCRC="1" />
          <ModEquId ExCRC="1" />
          <FDCMLFile />
          <CEId />
        </DevPara>
      </DevParas>
      <ARParas>
        <ARPara SlNr="0" SSlNr="1" Idx="1" ParaLen="1">
          <Para>31</Para>
        </ARPara>
        <ARPara SlNr="0" SSlNr="1" Idx="4" ParaLen="1">
          <Para>10</Para>
        </ARPara>
        <ARPara SlNr="0" SSlNr="32768" Idx="32849" ParaLen="28">
          <Para>0213001801000000ffffffffffffffffffffffffffffffff00000000</Para>
        </ARPara>
        <ARPara SlNr="0" SSlNr="32768" Idx="32850" ParaLen="40">
          <Para>0211002401000000ffffffffffffffffffffffffffffffff000000000b6d7270646f6d61696e2d31</Para>
        </ARPara>
        <ARPara SlNr="0" SSlNr="32769" Idx="32865" ParaLen="20">
          <Para>0223001001000000800000148000000000000000</Para>
        </ARPara>
        <ARPara SlNr="0" SSlNr="32769" Idx="32866" ParaLen="16">
          <Para>0222000c010000000000000400000000</Para>
        </ARPara>
        <ARPara SlNr="0" SSlNr="32770" Idx="32865" ParaLen="20">
          <Para>0223001001000000800000148000000000000000</Para>
        </ARPara>
        <ARPara SlNr="0" SSlNr="32770" Idx="32866" ParaLen="16">
          <Para>0222000c010000000000000400000000</Para>
        </ARPara>
        <ARPara SlNr="1" SSlNr="1" Idx="5" ParaLen="1">
          <Para>03</Para>
        </ARPara>
        <ARPara SlNr="1" SSlNr="1" Idx="1" ParaLen="1">
          <Para>01</Para>
        </ARPara>
        <ARPara SlNr="1" SSlNr="1" Idx="2" ParaLen="33">
          <Para>070000000000000000000000000000000000000000000000000000000000000000</Para>
        </ARPara>
        <ARPara SlNr="2" SSlNr="1" Idx="5" ParaLen="1">
          <Para>10</Para>
        </ARPara>
        <ARPara SlNr="3" SSlNr="1" Idx="5" ParaLen="1">
          <Para>18</Para>
        </ARPara>
        <ARPara SlNr="3" SSlNr="1" Idx="2" ParaLen="24">
          <Para>000000000100000200000300000400000500000600000700</Para>
        </ARPara>
      </ARParas>
    </AR>
    <AR BlVers="256" ARTyp="IO_AR_SINGLE" ARUID="202" MulWrt="true" FSUMdTout="0">
      <ARUUID d1="4250719233" d2="63712" d3="26511" d4="61" d5="109" d6="190" d7="240" d8="188" d9="67" d10="90" d11="189" />
      <ARProp State="PRIMARY" SVTO="NOT_ALLOWED" PSrv="CM_INITIATOR" DRate="DR_AT_LEAST_100_MBIT" CRTr="SRT_TRANSPORT" CfgDiff="ALLOWED" LogConStat="YES" IgnFS="NO" AdvStUpMd="LEGACY" />
      <CRs CRCnt="2">
        <CRPara BlVers="256" CRID="2" RTCls="RT_CLASS2_RTC" MdRedn="false" CRTyp="INPUT_CR" DatLn="4" FrID="36865" SndClc="32" RedRat="128" Phs="5" Seq="0" FrOffst="BEST_EFFORT" WtchD="3" DatHld="3">
          <CRHdr VLID="NO_VLANID" CRPrio="IOCR_PRIORITY" />
          <MCAddr d1="0" d2="0" d3="0" d4="0" d5="0" d6="0" />
          <RelAPICRs APICnt="1">
            <APICR API="0">
              <RelDatas RelDatCnt="4">
                <RelDat SlNr="0" SSlNr="1" />
                <RelDat SlNr="0" SSlNr="32768" />
                <RelDat SlNr="0" SSlNr="32769" />
                <RelDat SlNr="0" SSlNr="32770" />
              </RelDatas>
              <RelIOCSs RelIOCSCnt="0" />
            </APICR>
          </RelAPICRs>
        </CRPara>
        <CRPara BlVers="256" CRID="2" RTCls="RT_CLASS2_RTC" MdRedn="false" CRTyp="OUTPUT_CR" DatLn="4" FrID="65535" SndClc="32" RedRat="128" Phs="5" Seq="0" FrOffst="BEST_EFFORT" WtchD="3" DatHld="3">
          <CRHdr VLID="NO_VLANID" CRPrio="IOCR_PRIORITY" />
          <MCAddr d1="0" d2="0" d3="0" d4="0" d5="0" d6="0" />
          <RelAPICRs APICnt="1">
            <APICR API="0">
              <RelDatas RelDatCnt="0" />
              <RelIOCSs RelIOCSCnt="4">
                <RelIOCS SlNr="0" SSlNr="1" />
                <RelIOCS SlNr="0" SSlNr="32768" />
                <RelIOCS SlNr="0" SSlNr="32769" />
                <RelIOCS SlNr="0" SSlNr="32770" />
              </RelIOCSs>
            </APICR>
          </RelAPICRs>
        </CRPara>
      </CRs>
      <ModParas ModParCnt="1">
        <ModPara SlNr="0">
          <ModName ExCRC="1" />
          <ModEquId ExCRC="1" />
          <FDCMLFile />
          <CEId>ceModule</CEId>
        </ModPara>
      </ModParas>
      <SMParas SMCnt="1">
        <SMPara>
          <RelAPISMs BlVers="256" RelAPICnt="1">
            <APISM API="0" SlNr="0" ModID="768" ModProp="0">
              <SMs SMCnt="4">
                <SMDes SSlNr="1" SMID="1">
                  <SMProp Shar="INVALID" SMTyp="NO_IO" />
                  <SMElDess ElCnt="2">
                    <SMElDes Intpret="IOCS" Descr="DATA_OUTPUT" Len="1" SubsMod="NULL_VALUE" Offst="0" />
                    <SMElDes Intpret="IOPS" Descr="DATA_INPUT" Len="1" SubsMod="NULL_VALUE" Offst="0" />
                  </SMElDess>
                  <ModName ExCRC="1" />
                  <ModEquId ExCRC="1" />
                  <FDCMLFile />
                  <CEId>ceModule</CEId>
                </SMDes>
                <SMDes SSlNr="32768" SMID="2">
                  <SMProp Shar="INVALID" SMTyp="NO_IO" />
                  <SMElDess ElCnt="2">
                    <SMElDes Intpret="IOCS" Descr="DATA_OUTPUT" Len="1" SubsMod="NULL_VALUE" Offst="1" />
                    <SMElDes Intpret="IOPS" Descr="DATA_INPUT" Len="1" SubsMod="NULL_VALUE" Offst="1" />
                  </SMElDess>
                  <ModName ExCRC="1" />
                  <ModEquId ExCRC="1" />
                  <FDCMLFile />
                  <CEId>ceModule</CEId>
                </SMDes>
                <SMDes SSlNr="32769" SMID="3">
                  <SMProp Shar="INVALID" SMTyp="NO_IO" />
                  <SMElDess ElCnt="2">
                    <SMElDes Intpret="IOCS" Descr="DATA_OUTPUT" Len="1" SubsMod="NULL_VALUE" Offst="2" />
                    <SMElDes Intpret="IOPS" Descr="DATA_INPUT" Len="1" SubsMod="NULL_VALUE" Offst="2" />
                  </SMElDess>
                  <ModName ExCRC="1" />
                  <ModEquId ExCRC="1" />
                  <FDCMLFile />
                  <CEId>ceModule</CEId>
                </SMDes>
                <SMDes SSlNr="32770" SMID="3">
                  <SMProp Shar="INVALID" SMTyp="NO_IO" />
                  <SMElDess ElCnt="2">
                    <SMElDes Intpret="IOCS" Descr="DATA_OUTPUT" Len="1" SubsMod="NULL_VALUE" Offst="3" />
                    <SMElDes Intpret="IOPS" Descr="DATA_INPUT" Len="1" SubsMod="NULL_VALUE" Offst="3" />
                  </SMElDess>
                  <ModName ExCRC="1" />
                  <ModEquId ExCRC="1" />
                  <FDCMLFile />
                  <CEId>ceModule</CEId>
                </SMDes>
              </SMs>
            </APISM>
          </RelAPISMs>
        </SMPara>
      </SMParas>
      <AlCRParas AlCRCnt="1">
        <AlCRPara BlVers="256" AlCRPrTp="DATA_RTA_PDU" Prio="USER_PRIORITY" RTATmout="100" Retr="3" LocAlRef="0" MaxAlLen="200" />
      </AlCRParas>
      <DevParas>
        <DevPara DevID="86" VndID="131" DevIns="1" StatNLen="22" StatN="kaadac214030r01ra-1ka1" IPovDNS="false">
          <IP d1="172" d2="29" d3="89" d4="202" />
          <Mask d1="255" d2="255" d3="255" d4="0" />
          <Gate d1="172" d2="29" d3="89" d4="1" />
          <Station ExCRC="1" />
          <DevName ExCRC="1" />
          <ModEquId ExCRC="1" />
          <FDCMLFile />
          <CEId />
        </DevPara>
      </DevParas>
      <ARParas>
        <ARPara SlNr="0" SSlNr="1" Idx="1" ParaLen="1">
          <Para>31</Para>
        </ARPara>
        <ARPara SlNr="0" SSlNr="1" Idx="4" ParaLen="1">
          <Para>10</Para>
        </ARPara>
        <ARPara SlNr="0" SSlNr="32768" Idx="32849" ParaLen="28">
          <Para>0213001801000000ffffffffffffffffffffffffffffffff00000000</Para>
        </ARPara>
        <ARPara SlNr="0" SSlNr="32768" Idx="32850" ParaLen="40">
          <Para>0211002401000000ffffffffffffffffffffffffffffffff000000000b6d7270646f6d61696e2d31</Para>
        </ARPara>
        <ARPara SlNr="0" SSlNr="32769" Idx="32865" ParaLen="20">
          <Para>0223001001000000800000148000000000000000</Para>
        </ARPara>
        <ARPara SlNr="0" SSlNr="32769" Idx="32866" ParaLen="16">
          <Para>0222000c010000000000000400000000</Para>
        </ARPara>
        <ARPara SlNr="0" SSlNr="32770" Idx="32865" ParaLen="20">
          <Para>0223001001000000800000148000000000000000</Para>
        </ARPara>
        <ARPara SlNr="0" SSlNr="32770" Idx="32866" ParaLen="16">
          <Para>0222000c010000000000000400000000</Para>
        </ARPara>
      </ARParas>
    </AR>
    <AR BlVers="256" ARTyp="IO_AR_SINGLE" ARUID="203" MulWrt="true" FSUMdTout="0">
      <ARUUID d1="864795980" d2="64841" d3="13655" d4="76" d5="227" d6="27" d7="120" d8="49" d9="214" d10="150" d11="117" />
      <ARProp State="PRIMARY" SVTO="NOT_ALLOWED" PSrv="CM_INITIATOR" DRate="DR_AT_LEAST_100_MBIT" CRTr="SRT_TRANSPORT" CfgDiff="ALLOWED" LogConStat="YES" IgnFS="NO" AdvStUpMd="LEGACY" />
      <CRs CRCnt="2">
        <CRPara BlVers="256" CRID="3" RTCls="RT_CLASS2_RTC" MdRedn="false" CRTyp="INPUT_CR" DatLn="4" FrID="36866" SndClc="32" RedRat="128" Phs="6" Seq="0" FrOffst="BEST_EFFORT" WtchD="3" DatHld="3">
          <CRHdr VLID="NO_VLANID" CRPrio="IOCR_PRIORITY" />
          <MCAddr d1="0" d2="0" d3="0" d4="0" d5="0" d6="0" />
          <RelAPICRs APICnt="1">
            <APICR API="0">
              <RelDatas RelDatCnt="4">
                <RelDat SlNr="0" SSlNr="1" />
                <RelDat SlNr="0" SSlNr="32768" />
                <RelDat SlNr="0" SSlNr="32769" />
                <RelDat SlNr="0" SSlNr="32770" />
              </RelDatas>
              <RelIOCSs RelIOCSCnt="0" />
            </APICR>
          </RelAPICRs>
        </CRPara>
        <CRPara BlVers="256" CRID="3" RTCls="RT_CLASS2_RTC" MdRedn="false" CRTyp="OUTPUT_CR" DatLn="4" FrID="65535" SndClc="32" RedRat="128" Phs="6" Seq="0" FrOffst="BEST_EFFORT" WtchD="3" DatHld="3">
          <CRHdr VLID="NO_VLANID" CRPrio="IOCR_PRIORITY" />
          <MCAddr d1="0" d2="0" d3="0" d4="0" d5="0" d6="0" />
          <RelAPICRs APICnt="1">
            <APICR API="0">
              <RelDatas RelDatCnt="0" />
              <RelIOCSs RelIOCSCnt="4">
                <RelIOCS SlNr="0" SSlNr="1" />
                <RelIOCS SlNr="0" SSlNr="32768" />
                <RelIOCS SlNr="0" SSlNr="32769" />
                <RelIOCS SlNr="0" SSlNr="32770" />
              </RelIOCSs>
            </APICR>
          </RelAPICRs>
        </CRPara>
      </CRs>
      <ModParas ModParCnt="1">
        <ModPara SlNr="0">
          <ModName ExCRC="1" />
          <ModEquId ExCRC="1" />
          <FDCMLFile />
          <CEId>ceModule</CEId>
        </ModPara>
      </ModParas>
      <SMParas SMCnt="1">
        <SMPara>
          <RelAPISMs BlVers="256" RelAPICnt="1">
            <APISM API="0" SlNr="0" ModID="768" ModProp="0">
              <SMs SMCnt="4">
                <SMDes SSlNr="1" SMID="1">
                  <SMProp Shar="INVALID" SMTyp="NO_IO" />
                  <SMElDess ElCnt="2">
                    <SMElDes Intpret="IOCS" Descr="DATA_OUTPUT" Len="1" SubsMod="NULL_VALUE" Offst="0" />
                    <SMElDes Intpret="IOPS" Descr="DATA_INPUT" Len="1" SubsMod="NULL_VALUE" Offst="0" />
                  </SMElDess>
                  <ModName ExCRC="1" />
                  <ModEquId ExCRC="1" />
                  <FDCMLFile />
                  <CEId>ceModule</CEId>
                </SMDes>
                <SMDes SSlNr="32768" SMID="2">
                  <SMProp Shar="INVALID" SMTyp="NO_IO" />
                  <SMElDess ElCnt="2">
                    <SMElDes Intpret="IOCS" Descr="DATA_OUTPUT" Len="1" SubsMod="NULL_VALUE" Offst="1" />
                    <SMElDes Intpret="IOPS" Descr="DATA_INPUT" Len="1" SubsMod="NULL_VALUE" Offst="1" />
                  </SMElDess>
                  <ModName ExCRC="1" />
                  <ModEquId ExCRC="1" />
                  <FDCMLFile />
                  <CEId>ceModule</CEId>
                </SMDes>
                <SMDes SSlNr="32769" SMID="3">
                  <SMProp Shar="INVALID" SMTyp="NO_IO" />
                  <SMElDess ElCnt="2">
                    <SMElDes Intpret="IOCS" Descr="DATA_OUTPUT" Len="1" SubsMod="NULL_VALUE" Offst="2" />
                    <SMElDes Intpret="IOPS" Descr="DATA_INPUT" Len="1" SubsMod="NULL_VALUE" Offst="2" />
                  </SMElDess>
                  <ModName ExCRC="1" />
                  <ModEquId ExCRC="1" />
                  <FDCMLFile />
                  <CEId>ceModule</CEId>
                </SMDes>
                <SMDes SSlNr="32770" SMID="3">
                  <SMProp Shar="INVALID" SMTyp="NO_IO" />
                  <SMElDess ElCnt="2">
                    <SMElDes Intpret="IOCS" Descr="DATA_OUTPUT" Len="1" SubsMod="NULL_VALUE" Offst="3" />
                    <SMElDes Intpret="IOPS" Descr="DATA_INPUT" Len="1" SubsMod="NULL_VALUE" Offst="3" />
                  </SMElDess>
                  <ModName ExCRC="1" />
                  <ModEquId ExCRC="1" />
                  <FDCMLFile />
                  <CEId>ceModule</CEId>
                </SMDes>
              </SMs>
            </APISM>
          </RelAPISMs>
        </SMPara>
      </SMParas>
      <AlCRParas AlCRCnt="1">
        <AlCRPara BlVers="256" AlCRPrTp="DATA_RTA_PDU" Prio="USER_PRIORITY" RTATmout="100" Retr="3" LocAlRef="0" MaxAlLen="200" />
      </AlCRParas>
      <DevParas>
        <DevPara DevID="86" VndID="131" DevIns="1" StatNLen="22" StatN="kaadac214030r01ra-3ka1" IPovDNS="false">
          <IP d1="172" d2="29" d3="89" d4="203" />
          <Mask d1="255" d2="255" d3="255" d4="0" />
          <Gate d1="172" d2="29" d3="89" d4="1" />
          <Station ExCRC="1" />
          <DevName ExCRC="1" />
          <ModEquId ExCRC="1" />
          <FDCMLFile />
          <CEId />
        </DevPara>
      </DevParas>
      <ARParas>
        <ARPara SlNr="0" SSlNr="1" Idx="1" ParaLen="1">
          <Para>31</Para>
        </ARPara>
        <ARPara SlNr="0" SSlNr="1" Idx="4" ParaLen="1">
          <Para>10</Para>
        </ARPara>
        <ARPara SlNr="0" SSlNr="32768" Idx="32849" ParaLen="28">
          <Para>0213001801000000ffffffffffffffffffffffffffffffff00000000</Para>
        </ARPara>
        <ARPara SlNr="0" SSlNr="32768" Idx="32850" ParaLen="40">
          <Para>0211002401000000ffffffffffffffffffffffffffffffff000000000b6d7270646f6d61696e2d31</Para>
        </ARPara>
        <ARPara SlNr="0" SSlNr="32769" Idx="32865" ParaLen="20">
          <Para>0223001001000000800000148000000000000000</Para>
        </ARPara>
        <ARPara SlNr="0" SSlNr="32769" Idx="32866" ParaLen="16">
          <Para>0222000c010000000000000400000000</Para>
        </ARPara>
        <ARPara SlNr="0" SSlNr="32770" Idx="32865" ParaLen="20">
          <Para>0223001001000000800000148000000000000000</Para>
        </ARPara>
        <ARPara SlNr="0" SSlNr="32770" Idx="32866" ParaLen="16">
          <Para>0222000c010000000000000400000000</Para>
        </ARPara>
      </ARParas>
    </AR>
    <AR BlVers="256" ARTyp="IO_AR_SINGLE" ARUID="207" MulWrt="true" FSUMdTout="0">
      <ARUUID d1="1766784979" d2="54267" d3="37363" d4="117" d5="54" d6="251" d7="76" d8="217" d9="7" d10="47" d11="46" />
      <ARProp State="PRIMARY" SVTO="NOT_ALLOWED" PSrv="CM_INITIATOR" DRate="DR_AT_LEAST_100_MBIT" CRTr="SRT_TRANSPORT" CfgDiff="ALLOWED" LogConStat="YES" IgnFS="NO" AdvStUpMd="ADVANCED" />
      <CRs CRCnt="2">
        <CRPara BlVers="256" CRID="4" RTCls="RT_CLASS2_RTC" MdRedn="false" CRTyp="INPUT_CR" DatLn="12" FrID="36867" SndClc="32" RedRat="2" Phs="1" Seq="0" FrOffst="BEST_EFFORT" WtchD="3" DatHld="3">
          <CRHdr VLID="NO_VLANID" CRPrio="IOCR_PRIORITY" />
          <MCAddr d1="0" d2="0" d3="0" d4="0" d5="0" d6="0" />
          <RelAPICRs APICnt="1">
            <APICR API="0">
              <RelDatas RelDatCnt="5">
                <RelDat SlNr="0" SSlNr="1" />
                <RelDat SlNr="0" SSlNr="32768" />
                <RelDat SlNr="0" SSlNr="32769" />
                <RelDat SlNr="0" SSlNr="32770" />
                <RelDat SlNr="1" SSlNr="1" />
              </RelDatas>
              <RelIOCSs RelIOCSCnt="1">
                <RelIOCS SlNr="2" SSlNr="1" />
              </RelIOCSs>
            </APICR>
          </RelAPICRs>
        </CRPara>
        <CRPara BlVers="256" CRID="4" RTCls="RT_CLASS2_RTC" MdRedn="false" CRTyp="OUTPUT_CR" DatLn="12" FrID="65535" SndClc="32" RedRat="2" Phs="1" Seq="0" FrOffst="BEST_EFFORT" WtchD="3" DatHld="3">
          <CRHdr VLID="NO_VLANID" CRPrio="IOCR_PRIORITY" />
          <MCAddr d1="0" d2="0" d3="0" d4="0" d5="0" d6="0" />
          <RelAPICRs APICnt="1">
            <APICR API="0">
              <RelDatas RelDatCnt="1">
                <RelDat SlNr="2" SSlNr="1" />
              </RelDatas>
              <RelIOCSs RelIOCSCnt="5">
                <RelIOCS SlNr="0" SSlNr="1" />
                <RelIOCS SlNr="0" SSlNr="32768" />
                <RelIOCS SlNr="0" SSlNr="32769" />
                <RelIOCS SlNr="0" SSlNr="32770" />
                <RelIOCS SlNr="1" SSlNr="1" />
              </RelIOCSs>
            </APICR>
          </RelAPICRs>
        </CRPara>
      </CRs>
      <ModParas ModParCnt="3">
        <ModPara SlNr="0">
          <ModName ExCRC="1" />
          <ModEquId ExCRC="1" />
          <FDCMLFile />
          <CEId>ceModule</CEId>
        </ModPara>
        <ModPara SlNr="1">
          <ModName ExCRC="1" />
          <ModEquId ExCRC="1" />
          <FDCMLFile />
          <CEId>ceModule</CEId>
        </ModPara>
        <ModPara SlNr="2">
          <ModName ExCRC="1" />
          <ModEquId ExCRC="1" />
          <FDCMLFile />
          <CEId>ceModule</CEId>
        </ModPara>
      </ModParas>
      <SMParas SMCnt="3">
        <SMPara>
          <RelAPISMs BlVers="256" RelAPICnt="1">
            <APISM API="0" SlNr="0" ModID="2147549186" ModProp="0">
              <SMs SMCnt="4">
                <SMDes SSlNr="1" SMID="1">
                  <SMProp Shar="INVALID" SMTyp="NO_IO" />
                  <SMElDess ElCnt="2">
                    <SMElDes Intpret="IOCS" Descr="DATA_OUTPUT" Len="1" SubsMod="NULL_VALUE" Offst="0" />
                    <SMElDes Intpret="IOPS" Descr="DATA_INPUT" Len="1" SubsMod="NULL_VALUE" Offst="8" />
                  </SMElDess>
                  <ModName ExCRC="1" />
                  <ModEquId ExCRC="1" />
                  <FDCMLFile />
                  <CEId>ceModule</CEId>
                </SMDes>
                <SMDes SSlNr="32768" SMID="2">
                  <SMProp Shar="INVALID" SMTyp="NO_IO" />
                  <SMElDess ElCnt="2">
                    <SMElDes Intpret="IOCS" Descr="DATA_OUTPUT" Len="1" SubsMod="NULL_VALUE" Offst="1" />
                    <SMElDes Intpret="IOPS" Descr="DATA_INPUT" Len="1" SubsMod="NULL_VALUE" Offst="9" />
                  </SMElDess>
                  <ModName ExCRC="1" />
                  <ModEquId ExCRC="1" />
                  <FDCMLFile />
                  <CEId>ceModule</CEId>
                </SMDes>
                <SMDes SSlNr="32769" SMID="3">
                  <SMProp Shar="INVALID" SMTyp="NO_IO" />
                  <SMElDess ElCnt="2">
                    <SMElDes Intpret="IOCS" Descr="DATA_OUTPUT" Len="1" SubsMod="NULL_VALUE" Offst="2" />
                    <SMElDes Intpret="IOPS" Descr="DATA_INPUT" Len="1" SubsMod="NULL_VALUE" Offst="10" />
                  </SMElDess>
                  <ModName ExCRC="1" />
                  <ModEquId ExCRC="1" />
                  <FDCMLFile />
                  <CEId>ceModule</CEId>
                </SMDes>
                <SMDes SSlNr="32770" SMID="3">
                  <SMProp Shar="INVALID" SMTyp="NO_IO" />
                  <SMElDess ElCnt="2">
                    <SMElDes Intpret="IOCS" Descr="DATA_OUTPUT" Len="1" SubsMod="NULL_VALUE" Offst="3" />
                    <SMElDes Intpret="IOPS" Descr="DATA_INPUT" Len="1" SubsMod="NULL_VALUE" Offst="11" />
                  </SMElDess>
                  <ModName ExCRC="1" />
                  <ModEquId ExCRC="1" />
                  <FDCMLFile />
                  <CEId>ceModule</CEId>
                </SMDes>
              </SMs>
            </APISM>
          </RelAPISMs>
        </SMPara>
        <SMPara>
          <RelAPISMs BlVers="256" RelAPICnt="1">
            <APISM API="0" SlNr="1" ModID="3" ModProp="0">
              <SMs SMCnt="1">
                <SMDes SSlNr="1" SMID="1536">
                  <SMProp Shar="NO_SHARED_INPUT" SMTyp="INPUT" />
                  <SMElDess ElCnt="3">
                    <SMElDes Intpret="DATA" Descr="DATA_INPUT" Len="6" SubsMod="NULL_VALUE" Offst="1" />
                    <SMElDes Intpret="IOCS" Descr="DATA_OUTPUT" Len="1" SubsMod="NULL_VALUE" Offst="4" />
                    <SMElDes Intpret="IOPS" Descr="DATA_INPUT" Len="1" SubsMod="NULL_VALUE" Offst="7" />
                  </SMElDess>
                  <ModName ExCRC="1" />
                  <ModEquId ExCRC="1" />
                  <FDCMLFile />
                  <CEId>ceModule</CEId>
                </SMDes>
              </SMs>
            </APISM>
          </RelAPISMs>
        </SMPara>
        <SMPara>
          <RelAPISMs BlVers="256" RelAPICnt="1">
            <APISM API="0" SlNr="2" ModID="4" ModProp="0">
              <SMs SMCnt="1">
                <SMDes SSlNr="1" SMID="268436992">
                  <SMProp Shar="INVALID" SMTyp="OUTPUT" />
                  <SMElDess ElCnt="3">
                    <SMElDes Intpret="DATA" Descr="DATA_OUTPUT" Len="6" SubsMod="NULL_VALUE" Offst="5" />
                    <SMElDes Intpret="IOCS" Descr="DATA_INPUT" Len="1" SubsMod="NULL_VALUE" Offst="0" />
                    <SMElDes Intpret="IOPS" Descr="DATA_OUTPUT" Len="1" SubsMod="NULL_VALUE" Offst="11" />
                  </SMElDess>
                  <ModName ExCRC="1" />
                  <ModEquId ExCRC="1" />
                  <FDCMLFile />
                  <CEId>ceModule</CEId>
                </SMDes>
              </SMs>
            </APISM>
          </RelAPISMs>
        </SMPara>
      </SMParas>
      <AlCRParas AlCRCnt="1">
        <AlCRPara BlVers="256" AlCRPrTp="DATA_RTA_PDU" Prio="USER_PRIORITY" RTATmout="100" Retr="3" LocAlRef="0" MaxAlLen="200" />
      </AlCRParas>
      <DevParas>
        <DevPara DevID="10" VndID="404" DevIns="1" StatNLen="22" StatN="kaadac214030r01sk-1ka1" IPovDNS="false">
          <IP d1="172" d2="29" d3="89" d4="207" />
          <Mask d1="255" d2="255" d3="255" d4="0" />
          <Gate d1="172" d2="29" d3="89" d4="1" />
          <Station ExCRC="1" />
          <DevName ExCRC="1" />
          <ModEquId ExCRC="1" />
          <FDCMLFile />
          <CEId />
        </DevPara>
      </DevParas>
      <ARParas>
        <ARPara SlNr="0" SSlNr="32768" Idx="32849" ParaLen="28">
          <Para>0213001801000000ffffffffffffffffffffffffffffffff00000000</Para>
        </ARPara>
        <ARPara SlNr="0" SSlNr="32768" Idx="32850" ParaLen="40">
          <Para>0211002401000000ffffffffffffffffffffffffffffffff000000000b6d7270646f6d61696e2d31</Para>
        </ARPara>
        <ARPara SlNr="0" SSlNr="32768" Idx="32881" ParaLen="12">
          <Para>025000080100000000000000</Para>
        </ARPara>
        <ARPara SlNr="0" SSlNr="32769" Idx="32865" ParaLen="20">
          <Para>0223001001000000800000148000000000000000</Para>
        </ARPara>
        <ARPara SlNr="0" SSlNr="32769" Idx="32866" ParaLen="16">
          <Para>0222000c010000000000000400000000</Para>
        </ARPara>
        <ARPara SlNr="0" SSlNr="32770" Idx="32865" ParaLen="20">
          <Para>0223001001000000800000148000000000000000</Para>
        </ARPara>
        <ARPara SlNr="0" SSlNr="32770" Idx="32866" ParaLen="16">
          <Para>0222000c010000000000000400000000</Para>
        </ARPara>
      </ARParas>
    </AR>
    <AR BlVers="256" ARTyp="IO_AR_SINGLE" ARUID="205" MulWrt="true" FSUMdTout="0">
      <ARUUID d1="1696438272" d2="63832" d3="36149" d4="15" d5="141" d6="114" d7="128" d8="148" d9="201" d10="8" d11="73" />
      <ARProp State="PRIMARY" SVTO="NOT_ALLOWED" PSrv="CM_INITIATOR" DRate="DR_AT_LEAST_100_MBIT" CRTr="SRT_TRANSPORT" CfgDiff="ALLOWED" LogConStat="YES" IgnFS="NO" AdvStUpMd="LEGACY" />
      <CRs CRCnt="2">
        <CRPara BlVers="256" CRID="5" RTCls="RT_CLASS2_RTC" MdRedn="false" CRTyp="INPUT_CR" DatLn="16" FrID="36868" SndClc="32" RedRat="2" Phs="2" Seq="0" FrOffst="BEST_EFFORT" WtchD="3" DatHld="3">
          <CRHdr VLID="NO_VLANID" CRPrio="IOCR_PRIORITY" />
          <MCAddr d1="0" d2="0" d3="0" d4="0" d5="0" d6="0" />
          <RelAPICRs APICnt="1">
            <APICR API="0">
              <RelDatas RelDatCnt="5">
                <RelDat SlNr="0" SSlNr="1" />
                <RelDat SlNr="0" SSlNr="32768" />
                <RelDat SlNr="0" SSlNr="32769" />
                <RelDat SlNr="0" SSlNr="32770" />
                <RelDat SlNr="1" SSlNr="1" />
              </RelDatas>
              <RelIOCSs RelIOCSCnt="1">
                <RelIOCS SlNr="1" SSlNr="1" />
              </RelIOCSs>
            </APICR>
          </RelAPICRs>
        </CRPara>
        <CRPara BlVers="256" CRID="5" RTCls="RT_CLASS2_RTC" MdRedn="false" CRTyp="OUTPUT_CR" DatLn="16" FrID="65535" SndClc="32" RedRat="2" Phs="2" Seq="0" FrOffst="BEST_EFFORT" WtchD="3" DatHld="3">
          <CRHdr VLID="NO_VLANID" CRPrio="IOCR_PRIORITY" />
          <MCAddr d1="0" d2="0" d3="0" d4="0" d5="0" d6="0" />
          <RelAPICRs APICnt="1">
            <APICR API="0">
              <RelDatas RelDatCnt="1">
                <RelDat SlNr="1" SSlNr="1" />
              </RelDatas>
              <RelIOCSs RelIOCSCnt="5">
                <RelIOCS SlNr="0" SSlNr="1" />
                <RelIOCS SlNr="0" SSlNr="32768" />
                <RelIOCS SlNr="0" SSlNr="32769" />
                <RelIOCS SlNr="0" SSlNr="32770" />
                <RelIOCS SlNr="1" SSlNr="1" />
              </RelIOCSs>
            </APICR>
          </RelAPICRs>
        </CRPara>
      </CRs>
      <ModParas ModParCnt="2">
        <ModPara SlNr="0">
          <ModName ExCRC="1" />
          <ModEquId ExCRC="1" />
          <FDCMLFile />
          <CEId>ceModule</CEId>
        </ModPara>
        <ModPara SlNr="1">
          <ModName ExCRC="1" />
          <ModEquId ExCRC="1" />
          <FDCMLFile />
          <CEId>ceModule</CEId>
        </ModPara>
      </ModParas>
      <SMParas SMCnt="2">
        <SMPara>
          <RelAPISMs BlVers="256" RelAPICnt="1">
            <APISM API="0" SlNr="0" ModID="3" ModProp="0">
              <SMs SMCnt="4">
                <SMDes SSlNr="1" SMID="1">
                  <SMProp Shar="INVALID" SMTyp="NO_IO" />
                  <SMElDess ElCnt="2">
                    <SMElDes Intpret="IOCS" Descr="DATA_OUTPUT" Len="1" SubsMod="NULL_VALUE" Offst="0" />
                    <SMElDes Intpret="IOPS" Descr="DATA_INPUT" Len="1" SubsMod="NULL_VALUE" Offst="12" />
                  </SMElDess>
                  <ModName ExCRC="1" />
                  <ModEquId ExCRC="1" />
                  <FDCMLFile />
                  <CEId>ceModule</CEId>
                </SMDes>
                <SMDes SSlNr="32768" SMID="2">
                  <SMProp Shar="INVALID" SMTyp="NO_IO" />
                  <SMElDess ElCnt="2">
                    <SMElDes Intpret="IOCS" Descr="DATA_OUTPUT" Len="1" SubsMod="NULL_VALUE" Offst="1" />
                    <SMElDes Intpret="IOPS" Descr="DATA_INPUT" Len="1" SubsMod="NULL_VALUE" Offst="13" />
                  </SMElDess>
                  <ModName ExCRC="1" />
                  <ModEquId ExCRC="1" />
                  <FDCMLFile />
                  <CEId>ceModule</CEId>
                </SMDes>
                <SMDes SSlNr="32769" SMID="3">
                  <SMProp Shar="INVALID" SMTyp="NO_IO" />
                  <SMElDess ElCnt="2">
                    <SMElDes Intpret="IOCS" Descr="DATA_OUTPUT" Len="1" SubsMod="NULL_VALUE" Offst="2" />
                    <SMElDes Intpret="IOPS" Descr="DATA_INPUT" Len="1" SubsMod="NULL_VALUE" Offst="14" />
                  </SMElDess>
                  <ModName ExCRC="1" />
                  <ModEquId ExCRC="1" />
                  <FDCMLFile />
                  <CEId>ceModule</CEId>
                </SMDes>
                <SMDes SSlNr="32770" SMID="3">
                  <SMProp Shar="INVALID" SMTyp="NO_IO" />
                  <SMElDess ElCnt="2">
                    <SMElDes Intpret="IOCS" Descr="DATA_OUTPUT" Len="1" SubsMod="NULL_VALUE" Offst="3" />
                    <SMElDes Intpret="IOPS" Descr="DATA_INPUT" Len="1" SubsMod="NULL_VALUE" Offst="15" />
                  </SMElDess>
                  <ModName ExCRC="1" />
                  <ModEquId ExCRC="1" />
                  <FDCMLFile />
                  <CEId>ceModule</CEId>
                </SMDes>
              </SMs>
            </APISM>
          </RelAPISMs>
        </SMPara>
        <SMPara>
          <RelAPISMs BlVers="256" RelAPICnt="1">
            <APISM API="0" SlNr="1" ModID="2" ModProp="0">
              <SMs SMCnt="1">
                <SMDes SSlNr="1" SMID="1">
                  <SMProp Shar="NO_SHARED_INPUT" SMTyp="IO" />
                  <SMElDess ElCnt="6">
                    <SMElDes Intpret="DATA" Descr="DATA_INPUT" Len="10" SubsMod="NULL_VALUE" Offst="1" />
                    <SMElDes Intpret="DATA" Descr="DATA_OUTPUT" Len="10" SubsMod="NULL_VALUE" Offst="5" />
                    <SMElDes Intpret="IOCS" Descr="DATA_OUTPUT" Len="1" SubsMod="NULL_VALUE" Offst="4" />
                    <SMElDes Intpret="IOPS" Descr="DATA_INPUT" Len="1" SubsMod="NULL_VALUE" Offst="11" />
                    <SMElDes Intpret="IOCS" Descr="DATA_INPUT" Len="1" SubsMod="NULL_VALUE" Offst="0" />
                    <SMElDes Intpret="IOPS" Descr="DATA_OUTPUT" Len="1" SubsMod="NULL_VALUE" Offst="15" />
                  </SMElDess>
                  <ModName ExCRC="1" />
                  <ModEquId ExCRC="1" />
                  <FDCMLFile />
                  <CEId>ceModule</CEId>
                </SMDes>
              </SMs>
            </APISM>
          </RelAPISMs>
        </SMPara>
      </SMParas>
      <AlCRParas AlCRCnt="1">
        <AlCRPara BlVers="256" AlCRPrTp="DATA_RTA_PDU" Prio="USER_PRIORITY" RTATmout="100" Retr="3" LocAlRef="0" MaxAlLen="200" />
      </AlCRParas>
      <DevParas>
        <DevPara DevID="5" VndID="131" DevIns="1" StatNLen="22" StatN="kaadac214030r01sz-1ka1" IPovDNS="false">
          <IP d1="172" d2="29" d3="89" d4="205" />
          <Mask d1="255" d2="255" d3="255" d4="0" />
          <Gate d1="172" d2="29" d3="89" d4="1" />
          <Station ExCRC="1" />
          <DevName ExCRC="1" />
          <ModEquId ExCRC="1" />
          <FDCMLFile />
          <CEId />
        </DevPara>
      </DevParas>
      <ARParas>
        <ARPara SlNr="0" SSlNr="32768" Idx="32849" ParaLen="28">
          <Para>0213001801000000ffffffffffffffffffffffffffffffff00000000</Para>
        </ARPara>
        <ARPara SlNr="0" SSlNr="32768" Idx="32850" ParaLen="40">
          <Para>0211002401000000ffffffffffffffffffffffffffffffff000000000b6d7270646f6d61696e2d31</Para>
        </ARPara>
        <ARPara SlNr="0" SSlNr="32769" Idx="32865" ParaLen="20">
          <Para>0223001001000000800000148000000000000000</Para>
        </ARPara>
        <ARPara SlNr="0" SSlNr="32769" Idx="32866" ParaLen="16">
          <Para>0222000c010000000000000400000000</Para>
        </ARPara>
        <ARPara SlNr="0" SSlNr="32770" Idx="32865" ParaLen="20">
          <Para>0223001001000000800000148000000000000000</Para>
        </ARPara>
        <ARPara SlNr="0" SSlNr="32770" Idx="32866" ParaLen="16">
          <Para>0222000c010000000000000400000000</Para>
        </ARPara>
      </ARParas>
    </AR>
    <AR BlVers="256" ARTyp="IO_AR_SINGLE" ARUID="206" MulWrt="true" FSUMdTout="0">
      <ARUUID d1="2106504457" d2="7964" d3="9878" d4="77" d5="226" d6="169" d7="218" d8="162" d9="255" d10="78" d11="164" />
      <ARProp State="PRIMARY" SVTO="NOT_ALLOWED" PSrv="CM_INITIATOR" DRate="DR_AT_LEAST_100_MBIT" CRTr="SRT_TRANSPORT" CfgDiff="ALLOWED" LogConStat="YES" IgnFS="NO" AdvStUpMd="LEGACY" />
      <CRs CRCnt="2">
        <CRPara BlVers="256" CRID="6" RTCls="RT_CLASS2_RTC" MdRedn="false" CRTyp="INPUT_CR" DatLn="8" FrID="36869" SndClc="32" RedRat="4" Phs="4" Seq="0" FrOffst="BEST_EFFORT" WtchD="3" DatHld="3">
          <CRHdr VLID="NO_VLANID" CRPrio="IOCR_PRIORITY" />
          <MCAddr d1="0" d2="0" d3="0" d4="0" d5="0" d6="0" />
          <RelAPICRs APICnt="1">
            <APICR API="0">
              <RelDatas RelDatCnt="6">
                <RelDat SlNr="0" SSlNr="1" />
                <RelDat SlNr="0" SSlNr="32768" />
                <RelDat SlNr="0" SSlNr="32769" />
                <RelDat SlNr="0" SSlNr="32770" />
                <RelDat SlNr="1" SSlNr="1" />
                <RelDat SlNr="3" SSlNr="1" />
              </RelDatas>
              <RelIOCSs RelIOCSCnt="1">
                <RelIOCS SlNr="2" SSlNr="1" />
              </RelIOCSs>
            </APICR>
          </RelAPICRs>
        </CRPara>
        <CRPara BlVers="256" CRID="6" RTCls="RT_CLASS2_RTC" MdRedn="false" CRTyp="OUTPUT_CR" DatLn="8" FrID="65535" SndClc="32" RedRat="4" Phs="4" Seq="0" FrOffst="BEST_EFFORT" WtchD="3" DatHld="3">
          <CRHdr VLID="NO_VLANID" CRPrio="IOCR_PRIORITY" />
          <MCAddr d1="0" d2="0" d3="0" d4="0" d5="0" d6="0" />
          <RelAPICRs APICnt="1">
            <APICR API="0">
              <RelDatas RelDatCnt="1">
                <RelDat SlNr="2" SSlNr="1" />
              </RelDatas>
              <RelIOCSs RelIOCSCnt="6">
                <RelIOCS SlNr="0" SSlNr="1" />
                <RelIOCS SlNr="0" SSlNr="32768" />
                <RelIOCS SlNr="0" SSlNr="32769" />
                <RelIOCS SlNr="0" SSlNr="32770" />
                <RelIOCS SlNr="1" SSlNr="1" />
                <RelIOCS SlNr="3" SSlNr="1" />
              </RelIOCSs>
            </APICR>
          </RelAPICRs>
        </CRPara>
      </CRs>
      <ModParas ModParCnt="4">
        <ModPara SlNr="0">
          <ModName ExCRC="1" />
          <ModEquId ExCRC="1" />
          <FDCMLFile />
          <CEId>ceModule</CEId>
        </ModPara>
        <ModPara SlNr="1">
          <ModName ExCRC="1" />
          <ModEquId ExCRC="1" />
          <FDCMLFile />
          <CEId>ceModule</CEId>
        </ModPara>
        <ModPara SlNr="2">
          <ModName ExCRC="1" />
          <ModEquId ExCRC="1" />
          <FDCMLFile />
          <CEId>ceModule</CEId>
        </ModPara>
        <ModPara SlNr="3">
          <ModName ExCRC="1" />
          <ModEquId ExCRC="1" />
          <FDCMLFile />
          <CEId>ceModule</CEId>
        </ModPara>
      </ModParas>
      <SMParas SMCnt="4">
        <SMPara>
          <RelAPISMs BlVers="256" RelAPICnt="1">
            <APISM API="0" SlNr="0" ModID="55255" ModProp="0">
              <SMs SMCnt="4">
                <SMDes SSlNr="1" SMID="1">
                  <SMProp Shar="INVALID" SMTyp="NO_IO" />
                  <SMElDess ElCnt="2">
                    <SMElDes Intpret="IOCS" Descr="DATA_OUTPUT" Len="1" SubsMod="NULL_VALUE" Offst="0" />
                    <SMElDes Intpret="IOPS" Descr="DATA_INPUT" Len="1" SubsMod="NULL_VALUE" Offst="3" />
                  </SMElDess>
                  <ModName ExCRC="1" />
                  <ModEquId ExCRC="1" />
                  <FDCMLFile />
                  <CEId>ceModule</CEId>
                </SMDes>
                <SMDes SSlNr="32768" SMID="2">
                  <SMProp Shar="INVALID" SMTyp="NO_IO" />
                  <SMElDess ElCnt="2">
                    <SMElDes Intpret="IOCS" Descr="DATA_OUTPUT" Len="1" SubsMod="NULL_VALUE" Offst="1" />
                    <SMElDes Intpret="IOPS" Descr="DATA_INPUT" Len="1" SubsMod="NULL_VALUE" Offst="4" />
                  </SMElDess>
                  <ModName ExCRC="1" />
                  <ModEquId ExCRC="1" />
                  <FDCMLFile />
                  <CEId>ceModule</CEId>
                </SMDes>
                <SMDes SSlNr="32769" SMID="3">
                  <SMProp Shar="INVALID" SMTyp="NO_IO" />
                  <SMElDess ElCnt="2">
                    <SMElDes Intpret="IOCS" Descr="DATA_OUTPUT" Len="1" SubsMod="NULL_VALUE" Offst="2" />
                    <SMElDes Intpret="IOPS" Descr="DATA_INPUT" Len="1" SubsMod="NULL_VALUE" Offst="5" />
                  </SMElDess>
                  <ModName ExCRC="1" />
                  <ModEquId ExCRC="1" />
                  <FDCMLFile />
                  <CEId>ceModule</CEId>
                </SMDes>
                <SMDes SSlNr="32770" SMID="4">
                  <SMProp Shar="INVALID" SMTyp="NO_IO" />
                  <SMElDess ElCnt="2">
                    <SMElDes Intpret="IOCS" Descr="DATA_OUTPUT" Len="1" SubsMod="NULL_VALUE" Offst="3" />
                    <SMElDes Intpret="IOPS" Descr="DATA_INPUT" Len="1" SubsMod="NULL_VALUE" Offst="6" />
                  </SMElDess>
                  <ModName ExCRC="1" />
                  <ModEquId ExCRC="1" />
                  <FDCMLFile />
                  <CEId>ceModule</CEId>
                </SMDes>
              </SMs>
            </APISM>
          </RelAPISMs>
        </SMPara>
        <SMPara>
          <RelAPISMs BlVers="256" RelAPICnt="1">
            <APISM API="0" SlNr="1" ModID="1" ModProp="0">
              <SMs SMCnt="1">
                <SMDes SSlNr="1" SMID="1">
                  <SMProp Shar="INVALID" SMTyp="NO_IO" />
                  <SMElDess ElCnt="2">
                    <SMElDes Intpret="IOCS" Descr="DATA_OUTPUT" Len="1" SubsMod="NULL_VALUE" Offst="4" />
                    <SMElDes Intpret="IOPS" Descr="DATA_INPUT" Len="1" SubsMod="NULL_VALUE" Offst="7" />
                  </SMElDess>
                  <ModName ExCRC="1" />
                  <ModEquId ExCRC="1" />
                  <FDCMLFile />
                  <CEId>ceModule</CEId>
                </SMDes>
              </SMs>
            </APISM>
          </RelAPISMs>
        </SMPara>
        <SMPara>
          <RelAPISMs BlVers="256" RelAPICnt="1">
            <APISM API="0" SlNr="2" ModID="14" ModProp="0">
              <SMs SMCnt="1">
                <SMDes SSlNr="1" SMID="1">
                  <SMProp Shar="INVALID" SMTyp="OUTPUT" />
                  <SMElDess ElCnt="3">
                    <SMElDes Intpret="DATA" Descr="DATA_OUTPUT" Len="1" SubsMod="NULL_VALUE" Offst="6" />
                    <SMElDes Intpret="IOCS" Descr="DATA_INPUT" Len="1" SubsMod="NULL_VALUE" Offst="0" />
                    <SMElDes Intpret="IOPS" Descr="DATA_OUTPUT" Len="1" SubsMod="NULL_VALUE" Offst="7" />
                  </SMElDess>
                  <ModName ExCRC="1" />
                  <ModEquId ExCRC="1" />
                  <FDCMLFile />
                  <CEId>ceModule</CEId>
                </SMDes>
              </SMs>
            </APISM>
          </RelAPISMs>
        </SMPara>
        <SMPara>
          <RelAPISMs BlVers="256" RelAPICnt="1">
            <APISM API="0" SlNr="3" ModID="13" ModProp="0">
              <SMs SMCnt="1">
                <SMDes SSlNr="1" SMID="1">
                  <SMProp Shar="NO_SHARED_INPUT" SMTyp="INPUT" />
                  <SMElDess ElCnt="3">
                    <SMElDes Intpret="DATA" Descr="DATA_INPUT" Len="1" SubsMod="NULL_VALUE" Offst="1" />
                    <SMElDes Intpret="IOCS" Descr="DATA_OUTPUT" Len="1" SubsMod="NULL_VALUE" Offst="5" />
                    <SMElDes Intpret="IOPS" Descr="DATA_INPUT" Len="1" SubsMod="NULL_VALUE" Offst="2" />
                  </SMElDess>
                  <ModName ExCRC="1" />
                  <ModEquId ExCRC="1" />
                  <FDCMLFile />
                  <CEId>ceModule</CEId>
                </SMDes>
              </SMs>
            </APISM>
          </RelAPISMs>
        </SMPara>
      </SMParas>
      <AlCRParas AlCRCnt="1">
        <AlCRPara BlVers="256" AlCRPrTp="DATA_RTA_PDU" Prio="USER_PRIORITY" RTATmout="100" Retr="3" LocAlRef="0" MaxAlLen="200" />
      </AlCRParas>
      <DevParas>
        <DevPara DevID="289" VndID="303" DevIns="1" StatNLen="22" StatN="kaadac213030r01kw-1ka1" IPovDNS="false">
          <IP d1="172" d2="29" d3="89" d4="206" />
          <Mask d1="255" d2="255" d3="255" d4="0" />
          <Gate d1="172" d2="29" d3="89" d4="1" />
          <Station ExCRC="1" />
          <DevName ExCRC="1" />
          <ModEquId ExCRC="1" />
          <FDCMLFile />
          <CEId />
        </DevPara>
      </DevParas>
      <ARParas>
        <ARPara SlNr="0" SSlNr="1" Idx="1" ParaLen="7">
          <Para>0f0f0f0f180303</Para>
        </ARPara>
        <ARPara SlNr="0" SSlNr="32768" Idx="32849" ParaLen="28">
          <Para>0213001801000000ffffffffffffffffffffffffffffffff00000000</Para>
        </ARPara>
        <ARPara SlNr="0" SSlNr="32768" Idx="32850" ParaLen="40">
          <Para>0211002401000000ffffffffffffffffffffffffffffffff000000000b6d7270646f6d61696e2d31</Para>
        </ARPara>
        <ARPara SlNr="0" SSlNr="32769" Idx="32865" ParaLen="20">
          <Para>0223001001000000800000148000000000000000</Para>
        </ARPara>
        <ARPara SlNr="0" SSlNr="32769" Idx="32866" ParaLen="16">
          <Para>0222000c010000000000000400000000</Para>
        </ARPara>
        <ARPara SlNr="0" SSlNr="32770" Idx="32865" ParaLen="20">
          <Para>0223001001000000800000148000000000000000</Para>
        </ARPara>
        <ARPara SlNr="0" SSlNr="32770" Idx="32866" ParaLen="16">
          <Para>0222000c010000000000000400000000</Para>
        </ARPara>
        <ARPara SlNr="0" SSlNr="32770" Idx="32815" ParaLen="24">
          <Para>020200140100000000008002020e00080100000000360000</Para>
        </ARPara>
      </ARParas>
    </AR>
  </ARs>
</IPPNIO>