﻿<?xml version="1.0" encoding="utf-8"?>
<!--XML file automatically generated by WorkVisual V5.0.7_Build0755.-->
<!--DO NOT EDIT-->
<Application kukaVersion="1.0.1" xsi:noNamespaceSchemaLocation="/Roboter/Config/System/Common/Schemes/KRC_IO.xsd" xmlns:xsi="http://www.w3.org/2001/XMLSchema-instance">
  <Version Label="">
    <Info Version="" />
    <Schema Version="100" />
  </Version>
  <ProcessData>
    <Segment drvName="PNIODriver" busInstanceName="PNIO-DEV" byteOffset="16" byteSize="32" segmentID="0" />
    <Segment drvName="PNIODriver" busInstanceName="PNIO-CTRL" byteOffset="20" byteSize="1" segmentID="1" />
    <Segment drvName="PNIODriver" busInstanceName="PNIO-CTRL" byteOffset="32" byteSize="1" segmentID="2" />
    <Segment drvName="PNIODriver" busInstanceName="PNIO-CTRL" byteOffset="41" byteSize="10" segmentID="3" />
    <Segment drvName="PNIODriver" busInstanceName="PNIO-CTRL" byteOffset="61" byteSize="4" segmentID="4" />
    <Segment drvName="PNIODriver" busInstanceName="PNIO-CTRL" byteOffset="67" byteSize="4" segmentID="5" />
    <Segment drvName="PNIODriver" busInstanceName="PNIO-CTRL" byteOffset="74" byteSize="1" segmentID="6" />
    <Segment drvName="PNIODriver" busInstanceName="PNIO-CTRL" byteOffset="87" byteSize="1" segmentID="7" />
    <Segment drvName="PNIODriver" busInstanceName="PNIO-CTRL" byteOffset="91" byteSize="6" segmentID="8" />
    <Segment drvName="PNIODriver" busInstanceName="PNIO-CTRL" byteOffset="107" byteSize="6" segmentID="9" />
    <Segment drvName="PNIODriver" busInstanceName="PNIO-DEV" byteOffset="286" byteSize="32" segmentID="10" />
  </ProcessData>
  <Mapping>
    <Output>
      <Digital>
        <Out krcStartIndex="1" segmentID="10">
          <Start segmentByteOffset="0" segmentBitOffset="0" />
          <End segmentByteOffset="3" segmentBitOffset="0" />
        </Out>
        <Out krcStartIndex="28" segmentID="10">
          <Start segmentByteOffset="3" segmentBitOffset="3" />
          <End segmentByteOffset="31" segmentBitOffset="7" />
        </Out>
        <Out krcStartIndex="513" segmentID="2">
          <Start segmentByteOffset="0" segmentBitOffset="0" />
          <End segmentByteOffset="0" segmentBitOffset="0" />
        </Out>
        <Out krcStartIndex="515" segmentID="2">
          <Start segmentByteOffset="0" segmentBitOffset="1" />
          <End segmentByteOffset="0" segmentBitOffset="1" />
        </Out>
        <Out krcStartIndex="705" segmentID="4">
          <Start segmentByteOffset="0" segmentBitOffset="0" />
          <End segmentByteOffset="3" segmentBitOffset="7" />
        </Out>
        <Out krcStartIndex="753" segmentID="5">
          <Start segmentByteOffset="0" segmentBitOffset="0" />
          <End segmentByteOffset="3" segmentBitOffset="7" />
        </Out>
        <Out krcStartIndex="785" segmentID="9">
          <Start segmentByteOffset="0" segmentBitOffset="0" />
          <End segmentByteOffset="5" segmentBitOffset="7" />
        </Out>
        <Out krcStartIndex="857" segmentID="7">
          <Start segmentByteOffset="0" segmentBitOffset="1" />
          <End segmentByteOffset="0" segmentBitOffset="1" />
        </Out>
        <Out krcStartIndex="858" segmentID="7">
          <Start segmentByteOffset="0" segmentBitOffset="0" />
          <End segmentByteOffset="0" segmentBitOffset="0" />
        </Out>
        <Out krcStartIndex="860" segmentID="7">
          <Start segmentByteOffset="0" segmentBitOffset="2" />
          <End segmentByteOffset="0" segmentBitOffset="2" />
        </Out>
        <Out krcStartIndex="861" segmentID="7">
          <Start segmentByteOffset="0" segmentBitOffset="5" />
          <End segmentByteOffset="0" segmentBitOffset="5" />
        </Out>
        <Out krcStartIndex="862" segmentID="7">
          <Start segmentByteOffset="0" segmentBitOffset="4" />
          <End segmentByteOffset="0" segmentBitOffset="4" />
        </Out>
      </Digital>
      <Analog />
    </Output>
    <Input>
      <Digital>
        <In krcStartIndex="1" segmentID="0">
          <Start segmentByteOffset="0" segmentBitOffset="0" />
          <End segmentByteOffset="31" segmentBitOffset="7" />
        </In>
        <In krcStartIndex="514" segmentID="1">
          <Start segmentByteOffset="0" segmentBitOffset="2" />
          <End segmentByteOffset="0" segmentBitOffset="3" />
        </In>
        <In krcStartIndex="516" segmentID="1">
          <Start segmentByteOffset="0" segmentBitOffset="0" />
          <End segmentByteOffset="0" segmentBitOffset="0" />
        </In>
        <In krcStartIndex="705" segmentID="3">
          <Start segmentByteOffset="0" segmentBitOffset="0" />
          <End segmentByteOffset="9" segmentBitOffset="7" />
        </In>
        <In krcStartIndex="785" segmentID="8">
          <Start segmentByteOffset="0" segmentBitOffset="0" />
          <End segmentByteOffset="5" segmentBitOffset="7" />
        </In>
        <In krcStartIndex="857" segmentID="6">
          <Start segmentByteOffset="0" segmentBitOffset="7" />
          <End segmentByteOffset="0" segmentBitOffset="7" />
        </In>
        <In krcStartIndex="858" segmentID="6">
          <Start segmentByteOffset="0" segmentBitOffset="2" />
          <End segmentByteOffset="0" segmentBitOffset="3" />
        </In>
        <In krcStartIndex="860" segmentID="6">
          <Start segmentByteOffset="0" segmentBitOffset="5" />
          <End segmentByteOffset="0" segmentBitOffset="5" />
        </In>
        <In krcStartIndex="861" segmentID="6">
          <Start segmentByteOffset="0" segmentBitOffset="4" />
          <End segmentByteOffset="0" segmentBitOffset="4" />
        </In>
        <In krcStartIndex="864" segmentID="6">
          <Start segmentByteOffset="0" segmentBitOffset="6" />
          <End segmentByteOffset="0" segmentBitOffset="6" />
        </In>
        <In krcStartIndex="3846" segmentID="10">
          <Start segmentByteOffset="3" segmentBitOffset="2" />
          <End segmentByteOffset="3" segmentBitOffset="2" />
        </In>
        <In krcStartIndex="3855" segmentID="10">
          <Start segmentByteOffset="3" segmentBitOffset="1" />
          <End segmentByteOffset="3" segmentBitOffset="1" />
        </In>
      </Digital>
      <Analog />
    </Input>
    <IOLinking />
  </Mapping>
  <Options>
    <DataIntegrity value="true" />
    <NrOfInOut value="8192" />
    <Stream>
      <Bus busInstanceName="PNIO-DEV" />
      <Bus busInstanceName="PNIO-CTRL" />
    </Stream>
  </Options>
</Application>