﻿<?xml version="1.0" encoding="utf-8"?>
<!--XML file automatically generated by WorkVisual V5.0.7_Build0755.-->
<!--DO NOT EDIT-->
<KrcIoSignals>
  <Signal type="$IN" krcStartIndex="1" bitWidth="1" class="SLAVE" iecType="BOOL" permitOverride="true" />
  <Signal type="$IN" krcStartIndex="2" bitWidth="1" class="SLAVE" iecType="BOOL" permitOverride="true" />
  <Signal type="$IN" krcStartIndex="3" bitWidth="1" class="SLAVE" iecType="BOOL" permitOverride="true" />
  <Signal type="$IN" krcStartIndex="4" bitWidth="1" class="SLAVE" iecType="BOOL" permitOverride="true" />
  <Signal type="$IN" krcStartIndex="5" bitWidth="1" class="SLAVE" iecType="BOOL" permitOverride="true" />
  <Signal type="$IN" krcStartIndex="6" bitWidth="1" class="SLAVE" iecType="BOOL" permitOverride="true" />
  <Signal type="$IN" krcStartIndex="7" bitWidth="1" class="SLAVE" iecType="BOOL" permitOverride="true" />
  <Signal type="$IN" krcStartIndex="8" bitWidth="1" class="SLAVE" iecType="BOOL" permitOverride="true" />
  <Signal type="$IN" krcStartIndex="9" bitWidth="1" class="SLAVE" iecType="BOOL" permitOverride="true" />
  <Signal type="$IN" krcStartIndex="10" bitWidth="1" class="SLAVE" iecType="BOOL" permitOverride="true" />
  <Signal type="$IN" krcStartIndex="11" bitWidth="1" class="SLAVE" iecType="BOOL" permitOverride="true" />
  <Signal type="$IN" krcStartIndex="12" bitWidth="1" class="SLAVE" iecType="BOOL" permitOverride="true" />
  <Signal type="$IN" krcStartIndex="13" bitWidth="1" class="SLAVE" iecType="BOOL" permitOverride="true" />
  <Signal type="$IN" krcStartIndex="14" bitWidth="1" class="SLAVE" iecType="BOOL" permitOverride="true" />
  <Signal type="$IN" krcStartIndex="15" bitWidth="1" class="SLAVE" iecType="BOOL" permitOverride="true" />
  <Signal type="$IN" krcStartIndex="16" bitWidth="1" class="SLAVE" iecType="BOOL" permitOverride="true" />
  <Signal type="$IN" krcStartIndex="17" bitWidth="1" class="SLAVE" iecType="BOOL" permitOverride="true" />
  <Signal type="$IN" krcStartIndex="18" bitWidth="1" class="SLAVE" iecType="BOOL" permitOverride="true" />
  <Signal type="$IN" krcStartIndex="19" bitWidth="1" class="SLAVE" iecType="BOOL" permitOverride="true" />
  <Signal type="$IN" krcStartIndex="20" bitWidth="1" class="SLAVE" iecType="BOOL" permitOverride="true" />
  <Signal type="$IN" krcStartIndex="21" bitWidth="1" class="SLAVE" iecType="BOOL" permitOverride="true" />
  <Signal type="$IN" krcStartIndex="22" bitWidth="1" class="SLAVE" iecType="BOOL" permitOverride="true" />
  <Signal type="$IN" krcStartIndex="23" bitWidth="1" class="SLAVE" iecType="BOOL" permitOverride="true" />
  <Signal type="$IN" krcStartIndex="24" bitWidth="1" class="SLAVE" iecType="BOOL" permitOverride="true" />
  <Signal type="$IN" krcStartIndex="25" bitWidth="1" class="SLAVE" iecType="BOOL" permitOverride="true" />
  <Signal type="$IN" krcStartIndex="26" bitWidth="1" class="SLAVE" iecType="BOOL" permitOverride="true" />
  <Signal type="$IN" krcStartIndex="27" bitWidth="1" class="SLAVE" iecType="BOOL" permitOverride="true" />
  <Signal type="$IN" krcStartIndex="28" bitWidth="1" class="SLAVE" iecType="BOOL" permitOverride="true" />
  <Signal type="$IN" krcStartIndex="29" bitWidth="1" class="SLAVE" iecType="BOOL" permitOverride="true" />
  <Signal type="$IN" krcStartIndex="30" bitWidth="1" class="SLAVE" iecType="BOOL" permitOverride="true" />
  <Signal type="$IN" krcStartIndex="31" bitWidth="1" class="SLAVE" iecType="BOOL" permitOverride="true" />
  <Signal type="$IN" krcStartIndex="32" bitWidth="1" class="SLAVE" iecType="BOOL" permitOverride="true" />
  <Signal type="$IN" krcStartIndex="33" bitWidth="1" class="SLAVE" iecType="BOOL" permitOverride="true" />
  <Signal type="$IN" krcStartIndex="34" bitWidth="1" class="SLAVE" iecType="BOOL" permitOverride="true" />
  <Signal type="$IN" krcStartIndex="35" bitWidth="1" class="SLAVE" iecType="BOOL" permitOverride="true" />
  <Signal type="$IN" krcStartIndex="36" bitWidth="1" class="SLAVE" iecType="BOOL" permitOverride="true" />
  <Signal type="$IN" krcStartIndex="37" bitWidth="1" class="SLAVE" iecType="BOOL" permitOverride="true" />
  <Signal type="$IN" krcStartIndex="38" bitWidth="1" class="SLAVE" iecType="BOOL" permitOverride="true" />
  <Signal type="$IN" krcStartIndex="39" bitWidth="1" class="SLAVE" iecType="BOOL" permitOverride="true" />
  <Signal type="$IN" krcStartIndex="40" bitWidth="1" class="SLAVE" iecType="BOOL" permitOverride="true" />
  <Signal type="$IN" krcStartIndex="41" bitWidth="1" class="SLAVE" iecType="BOOL" permitOverride="true" />
  <Signal type="$IN" krcStartIndex="42" bitWidth="1" class="SLAVE" iecType="BOOL" permitOverride="true" />
  <Signal type="$IN" krcStartIndex="43" bitWidth="1" class="SLAVE" iecType="BOOL" permitOverride="true" />
  <Signal type="$IN" krcStartIndex="44" bitWidth="1" class="SLAVE" iecType="BOOL" permitOverride="true" />
  <Signal type="$IN" krcStartIndex="45" bitWidth="1" class="SLAVE" iecType="BOOL" permitOverride="true" />
  <Signal type="$IN" krcStartIndex="46" bitWidth="1" class="SLAVE" iecType="BOOL" permitOverride="true" />
  <Signal type="$IN" krcStartIndex="47" bitWidth="1" class="SLAVE" iecType="BOOL" permitOverride="true" />
  <Signal type="$IN" krcStartIndex="48" bitWidth="1" class="SLAVE" iecType="BOOL" permitOverride="true" />
  <Signal type="$IN" krcStartIndex="49" bitWidth="1" class="SLAVE" iecType="BOOL" permitOverride="true" />
  <Signal type="$IN" krcStartIndex="50" bitWidth="1" class="SLAVE" iecType="BOOL" permitOverride="true" />
  <Signal type="$IN" krcStartIndex="51" bitWidth="1" class="SLAVE" iecType="BOOL" permitOverride="true" />
  <Signal type="$IN" krcStartIndex="52" bitWidth="1" class="SLAVE" iecType="BOOL" permitOverride="true" />
  <Signal type="$IN" krcStartIndex="53" bitWidth="1" class="SLAVE" iecType="BOOL" permitOverride="true" />
  <Signal type="$IN" krcStartIndex="54" bitWidth="1" class="SLAVE" iecType="BOOL" permitOverride="true" />
  <Signal type="$IN" krcStartIndex="55" bitWidth="1" class="SLAVE" iecType="BOOL" permitOverride="true" />
  <Signal type="$IN" krcStartIndex="56" bitWidth="1" class="SLAVE" iecType="BOOL" permitOverride="true" />
  <Signal type="$IN" krcStartIndex="57" bitWidth="1" class="SLAVE" iecType="BOOL" permitOverride="true" />
  <Signal type="$IN" krcStartIndex="58" bitWidth="1" class="SLAVE" iecType="BOOL" permitOverride="true" />
  <Signal type="$IN" krcStartIndex="59" bitWidth="1" class="SLAVE" iecType="BOOL" permitOverride="true" />
  <Signal type="$IN" krcStartIndex="60" bitWidth="1" class="SLAVE" iecType="BOOL" permitOverride="true" />
  <Signal type="$IN" krcStartIndex="61" bitWidth="1" class="SLAVE" iecType="BOOL" permitOverride="true" />
  <Signal type="$IN" krcStartIndex="62" bitWidth="1" class="SLAVE" iecType="BOOL" permitOverride="true" />
  <Signal type="$IN" krcStartIndex="63" bitWidth="1" class="SLAVE" iecType="BOOL" permitOverride="true" />
  <Signal type="$IN" krcStartIndex="64" bitWidth="1" class="SLAVE" iecType="BOOL" permitOverride="true" />
  <Signal type="$IN" krcStartIndex="65" bitWidth="1" class="SLAVE" iecType="BOOL" permitOverride="true" />
  <Signal type="$IN" krcStartIndex="66" bitWidth="1" class="SLAVE" iecType="BOOL" permitOverride="true" />
  <Signal type="$IN" krcStartIndex="67" bitWidth="1" class="SLAVE" iecType="BOOL" permitOverride="true" />
  <Signal type="$IN" krcStartIndex="68" bitWidth="1" class="SLAVE" iecType="BOOL" permitOverride="true" />
  <Signal type="$IN" krcStartIndex="69" bitWidth="1" class="SLAVE" iecType="BOOL" permitOverride="true" />
  <Signal type="$IN" krcStartIndex="70" bitWidth="1" class="SLAVE" iecType="BOOL" permitOverride="true" />
  <Signal type="$IN" krcStartIndex="71" bitWidth="1" class="SLAVE" iecType="BOOL" permitOverride="true" />
  <Signal type="$IN" krcStartIndex="72" bitWidth="1" class="SLAVE" iecType="BOOL" permitOverride="true" />
  <Signal type="$IN" krcStartIndex="73" bitWidth="1" class="SLAVE" iecType="BOOL" permitOverride="true" />
  <Signal type="$IN" krcStartIndex="74" bitWidth="1" class="SLAVE" iecType="BOOL" permitOverride="true" />
  <Signal type="$IN" krcStartIndex="75" bitWidth="1" class="SLAVE" iecType="BOOL" permitOverride="true" />
  <Signal type="$IN" krcStartIndex="76" bitWidth="1" class="SLAVE" iecType="BOOL" permitOverride="true" />
  <Signal type="$IN" krcStartIndex="77" bitWidth="1" class="SLAVE" iecType="BOOL" permitOverride="true" />
  <Signal type="$IN" krcStartIndex="78" bitWidth="1" class="SLAVE" iecType="BOOL" permitOverride="true" />
  <Signal type="$IN" krcStartIndex="79" bitWidth="1" class="SLAVE" iecType="BOOL" permitOverride="true" />
  <Signal type="$IN" krcStartIndex="80" bitWidth="1" class="SLAVE" iecType="BOOL" permitOverride="true" />
  <Signal type="$IN" krcStartIndex="81" bitWidth="1" class="SLAVE" iecType="BOOL" permitOverride="true" />
  <Signal type="$IN" krcStartIndex="82" bitWidth="1" class="SLAVE" iecType="BOOL" permitOverride="true" />
  <Signal type="$IN" krcStartIndex="83" bitWidth="1" class="SLAVE" iecType="BOOL" permitOverride="true" />
  <Signal type="$IN" krcStartIndex="84" bitWidth="1" class="SLAVE" iecType="BOOL" permitOverride="true" />
  <Signal type="$IN" krcStartIndex="85" bitWidth="1" class="SLAVE" iecType="BOOL" permitOverride="true" />
  <Signal type="$IN" krcStartIndex="86" bitWidth="1" class="SLAVE" iecType="BOOL" permitOverride="true" />
  <Signal type="$IN" krcStartIndex="87" bitWidth="1" class="SLAVE" iecType="BOOL" permitOverride="true" />
  <Signal type="$IN" krcStartIndex="88" bitWidth="1" class="SLAVE" iecType="BOOL" permitOverride="true" />
  <Signal type="$IN" krcStartIndex="89" bitWidth="1" class="SLAVE" iecType="BOOL" permitOverride="true" />
  <Signal type="$IN" krcStartIndex="90" bitWidth="1" class="SLAVE" iecType="BOOL" permitOverride="true" />
  <Signal type="$IN" krcStartIndex="91" bitWidth="1" class="SLAVE" iecType="BOOL" permitOverride="true" />
  <Signal type="$IN" krcStartIndex="92" bitWidth="1" class="SLAVE" iecType="BOOL" permitOverride="true" />
  <Signal type="$IN" krcStartIndex="93" bitWidth="1" class="SLAVE" iecType="BOOL" permitOverride="true" />
  <Signal type="$IN" krcStartIndex="94" bitWidth="1" class="SLAVE" iecType="BOOL" permitOverride="true" />
  <Signal type="$IN" krcStartIndex="95" bitWidth="1" class="SLAVE" iecType="BOOL" permitOverride="true" />
  <Signal type="$IN" krcStartIndex="96" bitWidth="1" class="SLAVE" iecType="BOOL" permitOverride="true" />
  <Signal type="$IN" krcStartIndex="97" bitWidth="1" class="SLAVE" iecType="BOOL" permitOverride="true" />
  <Signal type="$IN" krcStartIndex="98" bitWidth="1" class="SLAVE" iecType="BOOL" permitOverride="true" />
  <Signal type="$IN" krcStartIndex="99" bitWidth="1" class="SLAVE" iecType="BOOL" permitOverride="true" />
  <Signal type="$IN" krcStartIndex="100" bitWidth="1" class="SLAVE" iecType="BOOL" permitOverride="true" />
  <Signal type="$IN" krcStartIndex="101" bitWidth="1" class="SLAVE" iecType="BOOL" permitOverride="true" />
  <Signal type="$IN" krcStartIndex="102" bitWidth="1" class="SLAVE" iecType="BOOL" permitOverride="true" />
  <Signal type="$IN" krcStartIndex="103" bitWidth="1" class="SLAVE" iecType="BOOL" permitOverride="true" />
  <Signal type="$IN" krcStartIndex="104" bitWidth="1" class="SLAVE" iecType="BOOL" permitOverride="true" />
  <Signal type="$IN" krcStartIndex="105" bitWidth="1" class="SLAVE" iecType="BOOL" permitOverride="true" />
  <Signal type="$IN" krcStartIndex="106" bitWidth="1" class="SLAVE" iecType="BOOL" permitOverride="true" />
  <Signal type="$IN" krcStartIndex="107" bitWidth="1" class="SLAVE" iecType="BOOL" permitOverride="true" />
  <Signal type="$IN" krcStartIndex="108" bitWidth="1" class="SLAVE" iecType="BOOL" permitOverride="true" />
  <Signal type="$IN" krcStartIndex="109" bitWidth="1" class="SLAVE" iecType="BOOL" permitOverride="true" />
  <Signal type="$IN" krcStartIndex="110" bitWidth="1" class="SLAVE" iecType="BOOL" permitOverride="true" />
  <Signal type="$IN" krcStartIndex="111" bitWidth="1" class="SLAVE" iecType="BOOL" permitOverride="true" />
  <Signal type="$IN" krcStartIndex="112" bitWidth="1" class="SLAVE" iecType="BOOL" permitOverride="true" />
  <Signal type="$IN" krcStartIndex="113" bitWidth="1" class="SLAVE" iecType="BOOL" permitOverride="true" />
  <Signal type="$IN" krcStartIndex="114" bitWidth="1" class="SLAVE" iecType="BOOL" permitOverride="true" />
  <Signal type="$IN" krcStartIndex="115" bitWidth="1" class="SLAVE" iecType="BOOL" permitOverride="true" />
  <Signal type="$IN" krcStartIndex="116" bitWidth="1" class="SLAVE" iecType="BOOL" permitOverride="true" />
  <Signal type="$IN" krcStartIndex="117" bitWidth="1" class="SLAVE" iecType="BOOL" permitOverride="true" />
  <Signal type="$IN" krcStartIndex="118" bitWidth="1" class="SLAVE" iecType="BOOL" permitOverride="true" />
  <Signal type="$IN" krcStartIndex="119" bitWidth="1" class="SLAVE" iecType="BOOL" permitOverride="true" />
  <Signal type="$IN" krcStartIndex="120" bitWidth="1" class="SLAVE" iecType="BOOL" permitOverride="true" />
  <Signal type="$IN" krcStartIndex="121" bitWidth="1" class="SLAVE" iecType="BOOL" permitOverride="true" />
  <Signal type="$IN" krcStartIndex="122" bitWidth="1" class="SLAVE" iecType="BOOL" permitOverride="true" />
  <Signal type="$IN" krcStartIndex="123" bitWidth="1" class="SLAVE" iecType="BOOL" permitOverride="true" />
  <Signal type="$IN" krcStartIndex="124" bitWidth="1" class="SLAVE" iecType="BOOL" permitOverride="true" />
  <Signal type="$IN" krcStartIndex="125" bitWidth="1" class="SLAVE" iecType="BOOL" permitOverride="true" />
  <Signal type="$IN" krcStartIndex="126" bitWidth="1" class="SLAVE" iecType="BOOL" permitOverride="true" />
  <Signal type="$IN" krcStartIndex="127" bitWidth="1" class="SLAVE" iecType="BOOL" permitOverride="true" />
  <Signal type="$IN" krcStartIndex="128" bitWidth="1" class="SLAVE" iecType="BOOL" permitOverride="true" />
  <Signal type="$IN" krcStartIndex="129" bitWidth="1" class="SLAVE" iecType="BOOL" permitOverride="true" />
  <Signal type="$IN" krcStartIndex="130" bitWidth="1" class="SLAVE" iecType="BOOL" permitOverride="true" />
  <Signal type="$IN" krcStartIndex="131" bitWidth="1" class="SLAVE" iecType="BOOL" permitOverride="true" />
  <Signal type="$IN" krcStartIndex="132" bitWidth="1" class="SLAVE" iecType="BOOL" permitOverride="true" />
  <Signal type="$IN" krcStartIndex="133" bitWidth="1" class="SLAVE" iecType="BOOL" permitOverride="true" />
  <Signal type="$IN" krcStartIndex="134" bitWidth="1" class="SLAVE" iecType="BOOL" permitOverride="true" />
  <Signal type="$IN" krcStartIndex="135" bitWidth="1" class="SLAVE" iecType="BOOL" permitOverride="true" />
  <Signal type="$IN" krcStartIndex="136" bitWidth="1" class="SLAVE" iecType="BOOL" permitOverride="true" />
  <Signal type="$IN" krcStartIndex="137" bitWidth="1" class="SLAVE" iecType="BOOL" permitOverride="true" />
  <Signal type="$IN" krcStartIndex="138" bitWidth="1" class="SLAVE" iecType="BOOL" permitOverride="true" />
  <Signal type="$IN" krcStartIndex="139" bitWidth="1" class="SLAVE" iecType="BOOL" permitOverride="true" />
  <Signal type="$IN" krcStartIndex="140" bitWidth="1" class="SLAVE" iecType="BOOL" permitOverride="true" />
  <Signal type="$IN" krcStartIndex="141" bitWidth="1" class="SLAVE" iecType="BOOL" permitOverride="true" />
  <Signal type="$IN" krcStartIndex="142" bitWidth="1" class="SLAVE" iecType="BOOL" permitOverride="true" />
  <Signal type="$IN" krcStartIndex="143" bitWidth="1" class="SLAVE" iecType="BOOL" permitOverride="true" />
  <Signal type="$IN" krcStartIndex="144" bitWidth="1" class="SLAVE" iecType="BOOL" permitOverride="true" />
  <Signal type="$IN" krcStartIndex="145" bitWidth="1" class="SLAVE" iecType="BOOL" permitOverride="true" />
  <Signal type="$IN" krcStartIndex="146" bitWidth="1" class="SLAVE" iecType="BOOL" permitOverride="true" />
  <Signal type="$IN" krcStartIndex="147" bitWidth="1" class="SLAVE" iecType="BOOL" permitOverride="true" />
  <Signal type="$IN" krcStartIndex="148" bitWidth="1" class="SLAVE" iecType="BOOL" permitOverride="true" />
  <Signal type="$IN" krcStartIndex="149" bitWidth="1" class="SLAVE" iecType="BOOL" permitOverride="true" />
  <Signal type="$IN" krcStartIndex="150" bitWidth="1" class="SLAVE" iecType="BOOL" permitOverride="true" />
  <Signal type="$IN" krcStartIndex="151" bitWidth="1" class="SLAVE" iecType="BOOL" permitOverride="true" />
  <Signal type="$IN" krcStartIndex="152" bitWidth="1" class="SLAVE" iecType="BOOL" permitOverride="true" />
  <Signal type="$IN" krcStartIndex="153" bitWidth="1" class="SLAVE" iecType="BOOL" permitOverride="true" />
  <Signal type="$IN" krcStartIndex="154" bitWidth="1" class="SLAVE" iecType="BOOL" permitOverride="true" />
  <Signal type="$IN" krcStartIndex="155" bitWidth="1" class="SLAVE" iecType="BOOL" permitOverride="true" />
  <Signal type="$IN" krcStartIndex="156" bitWidth="1" class="SLAVE" iecType="BOOL" permitOverride="true" />
  <Signal type="$IN" krcStartIndex="157" bitWidth="1" class="SLAVE" iecType="BOOL" permitOverride="true" />
  <Signal type="$IN" krcStartIndex="158" bitWidth="1" class="SLAVE" iecType="BOOL" permitOverride="true" />
  <Signal type="$IN" krcStartIndex="159" bitWidth="1" class="SLAVE" iecType="BOOL" permitOverride="true" />
  <Signal type="$IN" krcStartIndex="160" bitWidth="1" class="SLAVE" iecType="BOOL" permitOverride="true" />
  <Signal type="$IN" krcStartIndex="161" bitWidth="1" class="SLAVE" iecType="BOOL" permitOverride="true" />
  <Signal type="$IN" krcStartIndex="162" bitWidth="1" class="SLAVE" iecType="BOOL" permitOverride="true" />
  <Signal type="$IN" krcStartIndex="163" bitWidth="1" class="SLAVE" iecType="BOOL" permitOverride="true" />
  <Signal type="$IN" krcStartIndex="164" bitWidth="1" class="SLAVE" iecType="BOOL" permitOverride="true" />
  <Signal type="$IN" krcStartIndex="165" bitWidth="1" class="SLAVE" iecType="BOOL" permitOverride="true" />
  <Signal type="$IN" krcStartIndex="166" bitWidth="1" class="SLAVE" iecType="BOOL" permitOverride="true" />
  <Signal type="$IN" krcStartIndex="167" bitWidth="1" class="SLAVE" iecType="BOOL" permitOverride="true" />
  <Signal type="$IN" krcStartIndex="168" bitWidth="1" class="SLAVE" iecType="BOOL" permitOverride="true" />
  <Signal type="$IN" krcStartIndex="169" bitWidth="1" class="SLAVE" iecType="BOOL" permitOverride="true" />
  <Signal type="$IN" krcStartIndex="170" bitWidth="1" class="SLAVE" iecType="BOOL" permitOverride="true" />
  <Signal type="$IN" krcStartIndex="171" bitWidth="1" class="SLAVE" iecType="BOOL" permitOverride="true" />
  <Signal type="$IN" krcStartIndex="172" bitWidth="1" class="SLAVE" iecType="BOOL" permitOverride="true" />
  <Signal type="$IN" krcStartIndex="173" bitWidth="1" class="SLAVE" iecType="BOOL" permitOverride="true" />
  <Signal type="$IN" krcStartIndex="174" bitWidth="1" class="SLAVE" iecType="BOOL" permitOverride="true" />
  <Signal type="$IN" krcStartIndex="175" bitWidth="1" class="SLAVE" iecType="BOOL" permitOverride="true" />
  <Signal type="$IN" krcStartIndex="176" bitWidth="1" class="SLAVE" iecType="BOOL" permitOverride="true" />
  <Signal type="$IN" krcStartIndex="177" bitWidth="1" class="SLAVE" iecType="BOOL" permitOverride="true" />
  <Signal type="$IN" krcStartIndex="178" bitWidth="1" class="SLAVE" iecType="BOOL" permitOverride="true" />
  <Signal type="$IN" krcStartIndex="179" bitWidth="1" class="SLAVE" iecType="BOOL" permitOverride="true" />
  <Signal type="$IN" krcStartIndex="180" bitWidth="1" class="SLAVE" iecType="BOOL" permitOverride="true" />
  <Signal type="$IN" krcStartIndex="181" bitWidth="1" class="SLAVE" iecType="BOOL" permitOverride="true" />
  <Signal type="$IN" krcStartIndex="182" bitWidth="1" class="SLAVE" iecType="BOOL" permitOverride="true" />
  <Signal type="$IN" krcStartIndex="183" bitWidth="1" class="SLAVE" iecType="BOOL" permitOverride="true" />
  <Signal type="$IN" krcStartIndex="184" bitWidth="1" class="SLAVE" iecType="BOOL" permitOverride="true" />
  <Signal type="$IN" krcStartIndex="185" bitWidth="1" class="SLAVE" iecType="BOOL" permitOverride="true" />
  <Signal type="$IN" krcStartIndex="186" bitWidth="1" class="SLAVE" iecType="BOOL" permitOverride="true" />
  <Signal type="$IN" krcStartIndex="187" bitWidth="1" class="SLAVE" iecType="BOOL" permitOverride="true" />
  <Signal type="$IN" krcStartIndex="188" bitWidth="1" class="SLAVE" iecType="BOOL" permitOverride="true" />
  <Signal type="$IN" krcStartIndex="189" bitWidth="1" class="SLAVE" iecType="BOOL" permitOverride="true" />
  <Signal type="$IN" krcStartIndex="190" bitWidth="1" class="SLAVE" iecType="BOOL" permitOverride="true" />
  <Signal type="$IN" krcStartIndex="191" bitWidth="1" class="SLAVE" iecType="BOOL" permitOverride="true" />
  <Signal type="$IN" krcStartIndex="192" bitWidth="1" class="SLAVE" iecType="BOOL" permitOverride="true" />
  <Signal type="$IN" krcStartIndex="193" bitWidth="1" class="SLAVE" iecType="BOOL" permitOverride="true" />
  <Signal type="$IN" krcStartIndex="194" bitWidth="1" class="SLAVE" iecType="BOOL" permitOverride="true" />
  <Signal type="$IN" krcStartIndex="195" bitWidth="1" class="SLAVE" iecType="BOOL" permitOverride="true" />
  <Signal type="$IN" krcStartIndex="196" bitWidth="1" class="SLAVE" iecType="BOOL" permitOverride="true" />
  <Signal type="$IN" krcStartIndex="197" bitWidth="1" class="SLAVE" iecType="BOOL" permitOverride="true" />
  <Signal type="$IN" krcStartIndex="198" bitWidth="1" class="SLAVE" iecType="BOOL" permitOverride="true" />
  <Signal type="$IN" krcStartIndex="199" bitWidth="1" class="SLAVE" iecType="BOOL" permitOverride="true" />
  <Signal type="$IN" krcStartIndex="200" bitWidth="1" class="SLAVE" iecType="BOOL" permitOverride="true" />
  <Signal type="$IN" krcStartIndex="201" bitWidth="1" class="SLAVE" iecType="BOOL" permitOverride="true" />
  <Signal type="$IN" krcStartIndex="202" bitWidth="1" class="SLAVE" iecType="BOOL" permitOverride="true" />
  <Signal type="$IN" krcStartIndex="203" bitWidth="1" class="SLAVE" iecType="BOOL" permitOverride="true" />
  <Signal type="$IN" krcStartIndex="204" bitWidth="1" class="SLAVE" iecType="BOOL" permitOverride="true" />
  <Signal type="$IN" krcStartIndex="205" bitWidth="1" class="SLAVE" iecType="BOOL" permitOverride="true" />
  <Signal type="$IN" krcStartIndex="206" bitWidth="1" class="SLAVE" iecType="BOOL" permitOverride="true" />
  <Signal type="$IN" krcStartIndex="207" bitWidth="1" class="SLAVE" iecType="BOOL" permitOverride="true" />
  <Signal type="$IN" krcStartIndex="208" bitWidth="1" class="SLAVE" iecType="BOOL" permitOverride="true" />
  <Signal type="$IN" krcStartIndex="209" bitWidth="1" class="SLAVE" iecType="BOOL" permitOverride="true" />
  <Signal type="$IN" krcStartIndex="210" bitWidth="1" class="SLAVE" iecType="BOOL" permitOverride="true" />
  <Signal type="$IN" krcStartIndex="211" bitWidth="1" class="SLAVE" iecType="BOOL" permitOverride="true" />
  <Signal type="$IN" krcStartIndex="212" bitWidth="1" class="SLAVE" iecType="BOOL" permitOverride="true" />
  <Signal type="$IN" krcStartIndex="213" bitWidth="1" class="SLAVE" iecType="BOOL" permitOverride="true" />
  <Signal type="$IN" krcStartIndex="214" bitWidth="1" class="SLAVE" iecType="BOOL" permitOverride="true" />
  <Signal type="$IN" krcStartIndex="215" bitWidth="1" class="SLAVE" iecType="BOOL" permitOverride="true" />
  <Signal type="$IN" krcStartIndex="216" bitWidth="1" class="SLAVE" iecType="BOOL" permitOverride="true" />
  <Signal type="$IN" krcStartIndex="217" bitWidth="1" class="SLAVE" iecType="BOOL" permitOverride="true" />
  <Signal type="$IN" krcStartIndex="218" bitWidth="1" class="SLAVE" iecType="BOOL" permitOverride="true" />
  <Signal type="$IN" krcStartIndex="219" bitWidth="1" class="SLAVE" iecType="BOOL" permitOverride="true" />
  <Signal type="$IN" krcStartIndex="220" bitWidth="1" class="SLAVE" iecType="BOOL" permitOverride="true" />
  <Signal type="$IN" krcStartIndex="221" bitWidth="1" class="SLAVE" iecType="BOOL" permitOverride="true" />
  <Signal type="$IN" krcStartIndex="222" bitWidth="1" class="SLAVE" iecType="BOOL" permitOverride="true" />
  <Signal type="$IN" krcStartIndex="223" bitWidth="1" class="SLAVE" iecType="BOOL" permitOverride="true" />
  <Signal type="$IN" krcStartIndex="224" bitWidth="1" class="SLAVE" iecType="BOOL" permitOverride="true" />
  <Signal type="$IN" krcStartIndex="225" bitWidth="1" class="SLAVE" iecType="BOOL" permitOverride="true" />
  <Signal type="$IN" krcStartIndex="226" bitWidth="1" class="SLAVE" iecType="BOOL" permitOverride="true" />
  <Signal type="$IN" krcStartIndex="227" bitWidth="1" class="SLAVE" iecType="BOOL" permitOverride="true" />
  <Signal type="$IN" krcStartIndex="228" bitWidth="1" class="SLAVE" iecType="BOOL" permitOverride="true" />
  <Signal type="$IN" krcStartIndex="229" bitWidth="1" class="SLAVE" iecType="BOOL" permitOverride="true" />
  <Signal type="$IN" krcStartIndex="230" bitWidth="1" class="SLAVE" iecType="BOOL" permitOverride="true" />
  <Signal type="$IN" krcStartIndex="231" bitWidth="1" class="SLAVE" iecType="BOOL" permitOverride="true" />
  <Signal type="$IN" krcStartIndex="232" bitWidth="1" class="SLAVE" iecType="BOOL" permitOverride="true" />
  <Signal type="$IN" krcStartIndex="233" bitWidth="1" class="SLAVE" iecType="BOOL" permitOverride="true" />
  <Signal type="$IN" krcStartIndex="234" bitWidth="1" class="SLAVE" iecType="BOOL" permitOverride="true" />
  <Signal type="$IN" krcStartIndex="235" bitWidth="1" class="SLAVE" iecType="BOOL" permitOverride="true" />
  <Signal type="$IN" krcStartIndex="236" bitWidth="1" class="SLAVE" iecType="BOOL" permitOverride="true" />
  <Signal type="$IN" krcStartIndex="237" bitWidth="1" class="SLAVE" iecType="BOOL" permitOverride="true" />
  <Signal type="$IN" krcStartIndex="238" bitWidth="1" class="SLAVE" iecType="BOOL" permitOverride="true" />
  <Signal type="$IN" krcStartIndex="239" bitWidth="1" class="SLAVE" iecType="BOOL" permitOverride="true" />
  <Signal type="$IN" krcStartIndex="240" bitWidth="1" class="SLAVE" iecType="BOOL" permitOverride="true" />
  <Signal type="$IN" krcStartIndex="241" bitWidth="1" class="SLAVE" iecType="BOOL" permitOverride="true" />
  <Signal type="$IN" krcStartIndex="242" bitWidth="1" class="SLAVE" iecType="BOOL" permitOverride="true" />
  <Signal type="$IN" krcStartIndex="243" bitWidth="1" class="SLAVE" iecType="BOOL" permitOverride="true" />
  <Signal type="$IN" krcStartIndex="244" bitWidth="1" class="SLAVE" iecType="BOOL" permitOverride="true" />
  <Signal type="$IN" krcStartIndex="245" bitWidth="1" class="SLAVE" iecType="BOOL" permitOverride="true" />
  <Signal type="$IN" krcStartIndex="246" bitWidth="1" class="SLAVE" iecType="BOOL" permitOverride="true" />
  <Signal type="$IN" krcStartIndex="247" bitWidth="1" class="SLAVE" iecType="BOOL" permitOverride="true" />
  <Signal type="$IN" krcStartIndex="248" bitWidth="1" class="SLAVE" iecType="BOOL" permitOverride="true" />
  <Signal type="$IN" krcStartIndex="249" bitWidth="1" class="SLAVE" iecType="BOOL" permitOverride="true" />
  <Signal type="$IN" krcStartIndex="250" bitWidth="1" class="SLAVE" iecType="BOOL" permitOverride="true" />
  <Signal type="$IN" krcStartIndex="251" bitWidth="1" class="SLAVE" iecType="BOOL" permitOverride="true" />
  <Signal type="$IN" krcStartIndex="252" bitWidth="1" class="SLAVE" iecType="BOOL" permitOverride="true" />
  <Signal type="$IN" krcStartIndex="253" bitWidth="1" class="SLAVE" iecType="BOOL" permitOverride="true" />
  <Signal type="$IN" krcStartIndex="254" bitWidth="1" class="SLAVE" iecType="BOOL" permitOverride="true" />
  <Signal type="$IN" krcStartIndex="255" bitWidth="1" class="SLAVE" iecType="BOOL" permitOverride="true" />
  <Signal type="$IN" krcStartIndex="256" bitWidth="1" class="SLAVE" iecType="BOOL" permitOverride="true" />
  <Signal type="$IN" krcStartIndex="514" bitWidth="1" class="MASTER" iecType="BOOL" permitOverride="true" />
  <Signal type="$IN" krcStartIndex="515" bitWidth="1" class="MASTER" iecType="BOOL" permitOverride="true" />
  <Signal type="$IN" krcStartIndex="516" bitWidth="1" class="MASTER" iecType="BOOL" permitOverride="true" />
  <Signal type="$IN" krcStartIndex="705" bitWidth="1" class="MASTER" iecType="BOOL" permitOverride="true" />
  <Signal type="$IN" krcStartIndex="706" bitWidth="1" class="MASTER" iecType="BOOL" permitOverride="true" />
  <Signal type="$IN" krcStartIndex="707" bitWidth="1" class="MASTER" iecType="BOOL" permitOverride="true" />
  <Signal type="$IN" krcStartIndex="708" bitWidth="1" class="MASTER" iecType="BOOL" permitOverride="true" />
  <Signal type="$IN" krcStartIndex="709" bitWidth="1" class="MASTER" iecType="BOOL" permitOverride="true" />
  <Signal type="$IN" krcStartIndex="710" bitWidth="1" class="MASTER" iecType="BOOL" permitOverride="true" />
  <Signal type="$IN" krcStartIndex="711" bitWidth="1" class="MASTER" iecType="BOOL" permitOverride="true" />
  <Signal type="$IN" krcStartIndex="712" bitWidth="1" class="MASTER" iecType="BOOL" permitOverride="true" />
  <Signal type="$IN" krcStartIndex="713" bitWidth="1" class="MASTER" iecType="BOOL" permitOverride="true" />
  <Signal type="$IN" krcStartIndex="714" bitWidth="1" class="MASTER" iecType="BOOL" permitOverride="true" />
  <Signal type="$IN" krcStartIndex="715" bitWidth="1" class="MASTER" iecType="BOOL" permitOverride="true" />
  <Signal type="$IN" krcStartIndex="716" bitWidth="1" class="MASTER" iecType="BOOL" permitOverride="true" />
  <Signal type="$IN" krcStartIndex="717" bitWidth="1" class="MASTER" iecType="BOOL" permitOverride="true" />
  <Signal type="$IN" krcStartIndex="718" bitWidth="1" class="MASTER" iecType="BOOL" permitOverride="true" />
  <Signal type="$IN" krcStartIndex="719" bitWidth="1" class="MASTER" iecType="BOOL" permitOverride="true" />
  <Signal type="$IN" krcStartIndex="720" bitWidth="1" class="MASTER" iecType="BOOL" permitOverride="true" />
  <Signal type="$IN" krcStartIndex="721" bitWidth="1" class="MASTER" iecType="BOOL" permitOverride="true" />
  <Signal type="$IN" krcStartIndex="722" bitWidth="1" class="MASTER" iecType="BOOL" permitOverride="true" />
  <Signal type="$IN" krcStartIndex="723" bitWidth="1" class="MASTER" iecType="BOOL" permitOverride="true" />
  <Signal type="$IN" krcStartIndex="724" bitWidth="1" class="MASTER" iecType="BOOL" permitOverride="true" />
  <Signal type="$IN" krcStartIndex="725" bitWidth="1" class="MASTER" iecType="BOOL" permitOverride="true" />
  <Signal type="$IN" krcStartIndex="726" bitWidth="1" class="MASTER" iecType="BOOL" permitOverride="true" />
  <Signal type="$IN" krcStartIndex="727" bitWidth="1" class="MASTER" iecType="BOOL" permitOverride="true" />
  <Signal type="$IN" krcStartIndex="728" bitWidth="1" class="MASTER" iecType="BOOL" permitOverride="true" />
  <Signal type="$IN" krcStartIndex="729" bitWidth="1" class="MASTER" iecType="BOOL" permitOverride="true" />
  <Signal type="$IN" krcStartIndex="730" bitWidth="1" class="MASTER" iecType="BOOL" permitOverride="true" />
  <Signal type="$IN" krcStartIndex="731" bitWidth="1" class="MASTER" iecType="BOOL" permitOverride="true" />
  <Signal type="$IN" krcStartIndex="732" bitWidth="1" class="MASTER" iecType="BOOL" permitOverride="true" />
  <Signal type="$IN" krcStartIndex="733" bitWidth="1" class="MASTER" iecType="BOOL" permitOverride="true" />
  <Signal type="$IN" krcStartIndex="734" bitWidth="1" class="MASTER" iecType="BOOL" permitOverride="true" />
  <Signal type="$IN" krcStartIndex="735" bitWidth="1" class="MASTER" iecType="BOOL" permitOverride="true" />
  <Signal type="$IN" krcStartIndex="736" bitWidth="1" class="MASTER" iecType="BOOL" permitOverride="true" />
  <Signal type="$IN" krcStartIndex="737" bitWidth="1" class="MASTER" iecType="BOOL" permitOverride="true" />
  <Signal type="$IN" krcStartIndex="738" bitWidth="1" class="MASTER" iecType="BOOL" permitOverride="true" />
  <Signal type="$IN" krcStartIndex="739" bitWidth="1" class="MASTER" iecType="BOOL" permitOverride="true" />
  <Signal type="$IN" krcStartIndex="740" bitWidth="1" class="MASTER" iecType="BOOL" permitOverride="true" />
  <Signal type="$IN" krcStartIndex="741" bitWidth="1" class="MASTER" iecType="BOOL" permitOverride="true" />
  <Signal type="$IN" krcStartIndex="742" bitWidth="1" class="MASTER" iecType="BOOL" permitOverride="true" />
  <Signal type="$IN" krcStartIndex="743" bitWidth="1" class="MASTER" iecType="BOOL" permitOverride="true" />
  <Signal type="$IN" krcStartIndex="744" bitWidth="1" class="MASTER" iecType="BOOL" permitOverride="true" />
  <Signal type="$IN" krcStartIndex="745" bitWidth="1" class="MASTER" iecType="BOOL" permitOverride="true" />
  <Signal type="$IN" krcStartIndex="746" bitWidth="1" class="MASTER" iecType="BOOL" permitOverride="true" />
  <Signal type="$IN" krcStartIndex="747" bitWidth="1" class="MASTER" iecType="BOOL" permitOverride="true" />
  <Signal type="$IN" krcStartIndex="748" bitWidth="1" class="MASTER" iecType="BOOL" permitOverride="true" />
  <Signal type="$IN" krcStartIndex="749" bitWidth="1" class="MASTER" iecType="BOOL" permitOverride="true" />
  <Signal type="$IN" krcStartIndex="750" bitWidth="1" class="MASTER" iecType="BOOL" permitOverride="true" />
  <Signal type="$IN" krcStartIndex="751" bitWidth="1" class="MASTER" iecType="BOOL" permitOverride="true" />
  <Signal type="$IN" krcStartIndex="752" bitWidth="1" class="MASTER" iecType="BOOL" permitOverride="true" />
  <Signal type="$IN" krcStartIndex="753" bitWidth="1" class="MASTER" iecType="BOOL" permitOverride="true" />
  <Signal type="$IN" krcStartIndex="754" bitWidth="1" class="MASTER" iecType="BOOL" permitOverride="true" />
  <Signal type="$IN" krcStartIndex="755" bitWidth="1" class="MASTER" iecType="BOOL" permitOverride="true" />
  <Signal type="$IN" krcStartIndex="756" bitWidth="1" class="MASTER" iecType="BOOL" permitOverride="true" />
  <Signal type="$IN" krcStartIndex="757" bitWidth="1" class="MASTER" iecType="BOOL" permitOverride="true" />
  <Signal type="$IN" krcStartIndex="758" bitWidth="1" class="MASTER" iecType="BOOL" permitOverride="true" />
  <Signal type="$IN" krcStartIndex="759" bitWidth="1" class="MASTER" iecType="BOOL" permitOverride="true" />
  <Signal type="$IN" krcStartIndex="760" bitWidth="1" class="MASTER" iecType="BOOL" permitOverride="true" />
  <Signal type="$IN" krcStartIndex="761" bitWidth="1" class="MASTER" iecType="BOOL" permitOverride="true" />
  <Signal type="$IN" krcStartIndex="762" bitWidth="1" class="MASTER" iecType="BOOL" permitOverride="true" />
  <Signal type="$IN" krcStartIndex="763" bitWidth="1" class="MASTER" iecType="BOOL" permitOverride="true" />
  <Signal type="$IN" krcStartIndex="764" bitWidth="1" class="MASTER" iecType="BOOL" permitOverride="true" />
  <Signal type="$IN" krcStartIndex="765" bitWidth="1" class="MASTER" iecType="BOOL" permitOverride="true" />
  <Signal type="$IN" krcStartIndex="766" bitWidth="1" class="MASTER" iecType="BOOL" permitOverride="true" />
  <Signal type="$IN" krcStartIndex="767" bitWidth="1" class="MASTER" iecType="BOOL" permitOverride="true" />
  <Signal type="$IN" krcStartIndex="768" bitWidth="1" class="MASTER" iecType="BOOL" permitOverride="true" />
  <Signal type="$IN" krcStartIndex="769" bitWidth="1" class="MASTER" iecType="BOOL" permitOverride="true" />
  <Signal type="$IN" krcStartIndex="770" bitWidth="1" class="MASTER" iecType="BOOL" permitOverride="true" />
  <Signal type="$IN" krcStartIndex="771" bitWidth="1" class="MASTER" iecType="BOOL" permitOverride="true" />
  <Signal type="$IN" krcStartIndex="772" bitWidth="1" class="MASTER" iecType="BOOL" permitOverride="true" />
  <Signal type="$IN" krcStartIndex="773" bitWidth="1" class="MASTER" iecType="BOOL" permitOverride="true" />
  <Signal type="$IN" krcStartIndex="774" bitWidth="1" class="MASTER" iecType="BOOL" permitOverride="true" />
  <Signal type="$IN" krcStartIndex="775" bitWidth="1" class="MASTER" iecType="BOOL" permitOverride="true" />
  <Signal type="$IN" krcStartIndex="776" bitWidth="1" class="MASTER" iecType="BOOL" permitOverride="true" />
  <Signal type="$IN" krcStartIndex="777" bitWidth="1" class="MASTER" iecType="BOOL" permitOverride="true" />
  <Signal type="$IN" krcStartIndex="778" bitWidth="1" class="MASTER" iecType="BOOL" permitOverride="true" />
  <Signal type="$IN" krcStartIndex="779" bitWidth="1" class="MASTER" iecType="BOOL" permitOverride="true" />
  <Signal type="$IN" krcStartIndex="780" bitWidth="1" class="MASTER" iecType="BOOL" permitOverride="true" />
  <Signal type="$IN" krcStartIndex="781" bitWidth="1" class="MASTER" iecType="BOOL" permitOverride="true" />
  <Signal type="$IN" krcStartIndex="782" bitWidth="1" class="MASTER" iecType="BOOL" permitOverride="true" />
  <Signal type="$IN" krcStartIndex="783" bitWidth="1" class="MASTER" iecType="BOOL" permitOverride="true" />
  <Signal type="$IN" krcStartIndex="784" bitWidth="1" class="MASTER" iecType="BOOL" permitOverride="true" />
  <Signal type="$IN" krcStartIndex="785" bitWidth="1" class="MASTER" iecType="BOOL" permitOverride="true" />
  <Signal type="$IN" krcStartIndex="786" bitWidth="1" class="MASTER" iecType="BOOL" permitOverride="true" />
  <Signal type="$IN" krcStartIndex="787" bitWidth="1" class="MASTER" iecType="BOOL" permitOverride="true" />
  <Signal type="$IN" krcStartIndex="788" bitWidth="1" class="MASTER" iecType="BOOL" permitOverride="true" />
  <Signal type="$IN" krcStartIndex="789" bitWidth="1" class="MASTER" iecType="BOOL" permitOverride="true" />
  <Signal type="$IN" krcStartIndex="790" bitWidth="1" class="MASTER" iecType="BOOL" permitOverride="true" />
  <Signal type="$IN" krcStartIndex="791" bitWidth="1" class="MASTER" iecType="BOOL" permitOverride="true" />
  <Signal type="$IN" krcStartIndex="792" bitWidth="1" class="MASTER" iecType="BOOL" permitOverride="true" />
  <Signal type="$IN" krcStartIndex="793" bitWidth="1" class="MASTER" iecType="BOOL" permitOverride="true" />
  <Signal type="$IN" krcStartIndex="794" bitWidth="1" class="MASTER" iecType="BOOL" permitOverride="true" />
  <Signal type="$IN" krcStartIndex="795" bitWidth="1" class="MASTER" iecType="BOOL" permitOverride="true" />
  <Signal type="$IN" krcStartIndex="796" bitWidth="1" class="MASTER" iecType="BOOL" permitOverride="true" />
  <Signal type="$IN" krcStartIndex="797" bitWidth="1" class="MASTER" iecType="BOOL" permitOverride="true" />
  <Signal type="$IN" krcStartIndex="798" bitWidth="1" class="MASTER" iecType="BOOL" permitOverride="true" />
  <Signal type="$IN" krcStartIndex="799" bitWidth="1" class="MASTER" iecType="BOOL" permitOverride="true" />
  <Signal type="$IN" krcStartIndex="800" bitWidth="1" class="MASTER" iecType="BOOL" permitOverride="true" />
  <Signal type="$IN" krcStartIndex="801" bitWidth="1" class="MASTER" iecType="BOOL" permitOverride="true" />
  <Signal type="$IN" krcStartIndex="802" bitWidth="1" class="MASTER" iecType="BOOL" permitOverride="true" />
  <Signal type="$IN" krcStartIndex="803" bitWidth="1" class="MASTER" iecType="BOOL" permitOverride="true" />
  <Signal type="$IN" krcStartIndex="804" bitWidth="1" class="MASTER" iecType="BOOL" permitOverride="true" />
  <Signal type="$IN" krcStartIndex="805" bitWidth="1" class="MASTER" iecType="BOOL" permitOverride="true" />
  <Signal type="$IN" krcStartIndex="806" bitWidth="1" class="MASTER" iecType="BOOL" permitOverride="true" />
  <Signal type="$IN" krcStartIndex="807" bitWidth="1" class="MASTER" iecType="BOOL" permitOverride="true" />
  <Signal type="$IN" krcStartIndex="808" bitWidth="1" class="MASTER" iecType="BOOL" permitOverride="true" />
  <Signal type="$IN" krcStartIndex="809" bitWidth="1" class="MASTER" iecType="BOOL" permitOverride="true" />
  <Signal type="$IN" krcStartIndex="810" bitWidth="1" class="MASTER" iecType="BOOL" permitOverride="true" />
  <Signal type="$IN" krcStartIndex="811" bitWidth="1" class="MASTER" iecType="BOOL" permitOverride="true" />
  <Signal type="$IN" krcStartIndex="812" bitWidth="1" class="MASTER" iecType="BOOL" permitOverride="true" />
  <Signal type="$IN" krcStartIndex="813" bitWidth="1" class="MASTER" iecType="BOOL" permitOverride="true" />
  <Signal type="$IN" krcStartIndex="814" bitWidth="1" class="MASTER" iecType="BOOL" permitOverride="true" />
  <Signal type="$IN" krcStartIndex="815" bitWidth="1" class="MASTER" iecType="BOOL" permitOverride="true" />
  <Signal type="$IN" krcStartIndex="816" bitWidth="1" class="MASTER" iecType="BOOL" permitOverride="true" />
  <Signal type="$IN" krcStartIndex="817" bitWidth="1" class="MASTER" iecType="BOOL" permitOverride="true" />
  <Signal type="$IN" krcStartIndex="818" bitWidth="1" class="MASTER" iecType="BOOL" permitOverride="true" />
  <Signal type="$IN" krcStartIndex="819" bitWidth="1" class="MASTER" iecType="BOOL" permitOverride="true" />
  <Signal type="$IN" krcStartIndex="820" bitWidth="1" class="MASTER" iecType="BOOL" permitOverride="true" />
  <Signal type="$IN" krcStartIndex="821" bitWidth="1" class="MASTER" iecType="BOOL" permitOverride="true" />
  <Signal type="$IN" krcStartIndex="822" bitWidth="1" class="MASTER" iecType="BOOL" permitOverride="true" />
  <Signal type="$IN" krcStartIndex="823" bitWidth="1" class="MASTER" iecType="BOOL" permitOverride="true" />
  <Signal type="$IN" krcStartIndex="824" bitWidth="1" class="MASTER" iecType="BOOL" permitOverride="true" />
  <Signal type="$IN" krcStartIndex="825" bitWidth="1" class="MASTER" iecType="BOOL" permitOverride="true" />
  <Signal type="$IN" krcStartIndex="826" bitWidth="1" class="MASTER" iecType="BOOL" permitOverride="true" />
  <Signal type="$IN" krcStartIndex="827" bitWidth="1" class="MASTER" iecType="BOOL" permitOverride="true" />
  <Signal type="$IN" krcStartIndex="828" bitWidth="1" class="MASTER" iecType="BOOL" permitOverride="true" />
  <Signal type="$IN" krcStartIndex="829" bitWidth="1" class="MASTER" iecType="BOOL" permitOverride="true" />
  <Signal type="$IN" krcStartIndex="830" bitWidth="1" class="MASTER" iecType="BOOL" permitOverride="true" />
  <Signal type="$IN" krcStartIndex="831" bitWidth="1" class="MASTER" iecType="BOOL" permitOverride="true" />
  <Signal type="$IN" krcStartIndex="832" bitWidth="1" class="MASTER" iecType="BOOL" permitOverride="true" />
  <Signal type="$IN" krcStartIndex="857" bitWidth="1" class="MASTER" iecType="BOOL" permitOverride="true" />
  <Signal type="$IN" krcStartIndex="858" bitWidth="1" class="MASTER" iecType="BOOL" permitOverride="true" />
  <Signal type="$IN" krcStartIndex="859" bitWidth="1" class="MASTER" iecType="BOOL" permitOverride="true" />
  <Signal type="$IN" krcStartIndex="860" bitWidth="1" class="MASTER" iecType="BOOL" permitOverride="true" />
  <Signal type="$IN" krcStartIndex="861" bitWidth="1" class="MASTER" iecType="BOOL" permitOverride="true" />
  <Signal type="$IN" krcStartIndex="864" bitWidth="1" class="MASTER" iecType="BOOL" permitOverride="true" />
  <Signal type="$IN" krcStartIndex="3846" bitWidth="1" class="SLAVE" iecType="BOOL" permitOverride="true" />
  <Signal type="$IN" krcStartIndex="3855" bitWidth="1" class="SLAVE" iecType="BOOL" permitOverride="true" />
  <Signal type="$OUT" krcStartIndex="1" bitWidth="1" class="SLAVE" iecType="BOOL" permitOverride="true" />
  <Signal type="$OUT" krcStartIndex="2" bitWidth="1" class="SLAVE" iecType="BOOL" permitOverride="true" />
  <Signal type="$OUT" krcStartIndex="3" bitWidth="1" class="SLAVE" iecType="BOOL" permitOverride="true" />
  <Signal type="$OUT" krcStartIndex="4" bitWidth="1" class="SLAVE" iecType="BOOL" permitOverride="true" />
  <Signal type="$OUT" krcStartIndex="5" bitWidth="1" class="SLAVE" iecType="BOOL" permitOverride="true" />
  <Signal type="$OUT" krcStartIndex="6" bitWidth="1" class="SLAVE" iecType="BOOL" permitOverride="true" />
  <Signal type="$OUT" krcStartIndex="7" bitWidth="1" class="SLAVE" iecType="BOOL" permitOverride="true" />
  <Signal type="$OUT" krcStartIndex="8" bitWidth="1" class="SLAVE" iecType="BOOL" permitOverride="true" />
  <Signal type="$OUT" krcStartIndex="9" bitWidth="1" class="SLAVE" iecType="BOOL" permitOverride="true" />
  <Signal type="$OUT" krcStartIndex="10" bitWidth="1" class="SLAVE" iecType="BOOL" permitOverride="true" />
  <Signal type="$OUT" krcStartIndex="11" bitWidth="1" class="SLAVE" iecType="BOOL" permitOverride="true" />
  <Signal type="$OUT" krcStartIndex="12" bitWidth="1" class="SLAVE" iecType="BOOL" permitOverride="true" />
  <Signal type="$OUT" krcStartIndex="13" bitWidth="1" class="SLAVE" iecType="BOOL" permitOverride="true" />
  <Signal type="$OUT" krcStartIndex="14" bitWidth="1" class="SLAVE" iecType="BOOL" permitOverride="true" />
  <Signal type="$OUT" krcStartIndex="15" bitWidth="1" class="SLAVE" iecType="BOOL" permitOverride="true" />
  <Signal type="$OUT" krcStartIndex="16" bitWidth="1" class="SLAVE" iecType="BOOL" permitOverride="true" />
  <Signal type="$OUT" krcStartIndex="17" bitWidth="1" class="SLAVE" iecType="BOOL" permitOverride="true" />
  <Signal type="$OUT" krcStartIndex="18" bitWidth="1" class="SLAVE" iecType="BOOL" permitOverride="true" />
  <Signal type="$OUT" krcStartIndex="19" bitWidth="1" class="SLAVE" iecType="BOOL" permitOverride="true" />
  <Signal type="$OUT" krcStartIndex="20" bitWidth="1" class="SLAVE" iecType="BOOL" permitOverride="true" />
  <Signal type="$OUT" krcStartIndex="21" bitWidth="1" class="SLAVE" iecType="BOOL" permitOverride="true" />
  <Signal type="$OUT" krcStartIndex="22" bitWidth="1" class="SLAVE" iecType="BOOL" permitOverride="true" />
  <Signal type="$OUT" krcStartIndex="23" bitWidth="1" class="SLAVE" iecType="BOOL" permitOverride="true" />
  <Signal type="$OUT" krcStartIndex="24" bitWidth="1" class="SLAVE" iecType="BOOL" permitOverride="true" />
  <Signal type="$OUT" krcStartIndex="25" bitWidth="1" class="SLAVE" iecType="BOOL" permitOverride="true" />
  <Signal type="$OUT" krcStartIndex="28" bitWidth="1" class="SLAVE" iecType="BOOL" permitOverride="true" />
  <Signal type="$OUT" krcStartIndex="29" bitWidth="1" class="SLAVE" iecType="BOOL" permitOverride="true" />
  <Signal type="$OUT" krcStartIndex="30" bitWidth="1" class="SLAVE" iecType="BOOL" permitOverride="true" />
  <Signal type="$OUT" krcStartIndex="31" bitWidth="1" class="SLAVE" iecType="BOOL" permitOverride="true" />
  <Signal type="$OUT" krcStartIndex="32" bitWidth="1" class="SLAVE" iecType="BOOL" permitOverride="true" />
  <Signal type="$OUT" krcStartIndex="33" bitWidth="1" class="SLAVE" iecType="BOOL" permitOverride="true" />
  <Signal type="$OUT" krcStartIndex="34" bitWidth="1" class="SLAVE" iecType="BOOL" permitOverride="true" />
  <Signal type="$OUT" krcStartIndex="35" bitWidth="1" class="SLAVE" iecType="BOOL" permitOverride="true" />
  <Signal type="$OUT" krcStartIndex="36" bitWidth="1" class="SLAVE" iecType="BOOL" permitOverride="true" />
  <Signal type="$OUT" krcStartIndex="37" bitWidth="1" class="SLAVE" iecType="BOOL" permitOverride="true" />
  <Signal type="$OUT" krcStartIndex="38" bitWidth="1" class="SLAVE" iecType="BOOL" permitOverride="true" />
  <Signal type="$OUT" krcStartIndex="39" bitWidth="1" class="SLAVE" iecType="BOOL" permitOverride="true" />
  <Signal type="$OUT" krcStartIndex="40" bitWidth="1" class="SLAVE" iecType="BOOL" permitOverride="true" />
  <Signal type="$OUT" krcStartIndex="41" bitWidth="1" class="SLAVE" iecType="BOOL" permitOverride="true" />
  <Signal type="$OUT" krcStartIndex="42" bitWidth="1" class="SLAVE" iecType="BOOL" permitOverride="true" />
  <Signal type="$OUT" krcStartIndex="43" bitWidth="1" class="SLAVE" iecType="BOOL" permitOverride="true" />
  <Signal type="$OUT" krcStartIndex="44" bitWidth="1" class="SLAVE" iecType="BOOL" permitOverride="true" />
  <Signal type="$OUT" krcStartIndex="45" bitWidth="1" class="SLAVE" iecType="BOOL" permitOverride="true" />
  <Signal type="$OUT" krcStartIndex="46" bitWidth="1" class="SLAVE" iecType="BOOL" permitOverride="true" />
  <Signal type="$OUT" krcStartIndex="47" bitWidth="1" class="SLAVE" iecType="BOOL" permitOverride="true" />
  <Signal type="$OUT" krcStartIndex="48" bitWidth="1" class="SLAVE" iecType="BOOL" permitOverride="true" />
  <Signal type="$OUT" krcStartIndex="49" bitWidth="1" class="SLAVE" iecType="BOOL" permitOverride="true" />
  <Signal type="$OUT" krcStartIndex="50" bitWidth="1" class="SLAVE" iecType="BOOL" permitOverride="true" />
  <Signal type="$OUT" krcStartIndex="51" bitWidth="1" class="SLAVE" iecType="BOOL" permitOverride="true" />
  <Signal type="$OUT" krcStartIndex="52" bitWidth="1" class="SLAVE" iecType="BOOL" permitOverride="true" />
  <Signal type="$OUT" krcStartIndex="53" bitWidth="1" class="SLAVE" iecType="BOOL" permitOverride="true" />
  <Signal type="$OUT" krcStartIndex="54" bitWidth="1" class="SLAVE" iecType="BOOL" permitOverride="true" />
  <Signal type="$OUT" krcStartIndex="55" bitWidth="1" class="SLAVE" iecType="BOOL" permitOverride="true" />
  <Signal type="$OUT" krcStartIndex="56" bitWidth="1" class="SLAVE" iecType="BOOL" permitOverride="true" />
  <Signal type="$OUT" krcStartIndex="57" bitWidth="1" class="SLAVE" iecType="BOOL" permitOverride="true" />
  <Signal type="$OUT" krcStartIndex="58" bitWidth="1" class="SLAVE" iecType="BOOL" permitOverride="true" />
  <Signal type="$OUT" krcStartIndex="59" bitWidth="1" class="SLAVE" iecType="BOOL" permitOverride="true" />
  <Signal type="$OUT" krcStartIndex="60" bitWidth="1" class="SLAVE" iecType="BOOL" permitOverride="true" />
  <Signal type="$OUT" krcStartIndex="61" bitWidth="1" class="SLAVE" iecType="BOOL" permitOverride="true" />
  <Signal type="$OUT" krcStartIndex="62" bitWidth="1" class="SLAVE" iecType="BOOL" permitOverride="true" />
  <Signal type="$OUT" krcStartIndex="63" bitWidth="1" class="SLAVE" iecType="BOOL" permitOverride="true" />
  <Signal type="$OUT" krcStartIndex="64" bitWidth="1" class="SLAVE" iecType="BOOL" permitOverride="true" />
  <Signal type="$OUT" krcStartIndex="65" bitWidth="1" class="SLAVE" iecType="BOOL" permitOverride="true" />
  <Signal type="$OUT" krcStartIndex="66" bitWidth="1" class="SLAVE" iecType="BOOL" permitOverride="true" />
  <Signal type="$OUT" krcStartIndex="67" bitWidth="1" class="SLAVE" iecType="BOOL" permitOverride="true" />
  <Signal type="$OUT" krcStartIndex="68" bitWidth="1" class="SLAVE" iecType="BOOL" permitOverride="true" />
  <Signal type="$OUT" krcStartIndex="69" bitWidth="1" class="SLAVE" iecType="BOOL" permitOverride="true" />
  <Signal type="$OUT" krcStartIndex="70" bitWidth="1" class="SLAVE" iecType="BOOL" permitOverride="true" />
  <Signal type="$OUT" krcStartIndex="71" bitWidth="1" class="SLAVE" iecType="BOOL" permitOverride="true" />
  <Signal type="$OUT" krcStartIndex="72" bitWidth="1" class="SLAVE" iecType="BOOL" permitOverride="true" />
  <Signal type="$OUT" krcStartIndex="73" bitWidth="1" class="SLAVE" iecType="BOOL" permitOverride="true" />
  <Signal type="$OUT" krcStartIndex="74" bitWidth="1" class="SLAVE" iecType="BOOL" permitOverride="true" />
  <Signal type="$OUT" krcStartIndex="75" bitWidth="1" class="SLAVE" iecType="BOOL" permitOverride="true" />
  <Signal type="$OUT" krcStartIndex="76" bitWidth="1" class="SLAVE" iecType="BOOL" permitOverride="true" />
  <Signal type="$OUT" krcStartIndex="77" bitWidth="1" class="SLAVE" iecType="BOOL" permitOverride="true" />
  <Signal type="$OUT" krcStartIndex="78" bitWidth="1" class="SLAVE" iecType="BOOL" permitOverride="true" />
  <Signal type="$OUT" krcStartIndex="79" bitWidth="1" class="SLAVE" iecType="BOOL" permitOverride="true" />
  <Signal type="$OUT" krcStartIndex="80" bitWidth="1" class="SLAVE" iecType="BOOL" permitOverride="true" />
  <Signal type="$OUT" krcStartIndex="81" bitWidth="1" class="SLAVE" iecType="BOOL" permitOverride="true" />
  <Signal type="$OUT" krcStartIndex="82" bitWidth="1" class="SLAVE" iecType="BOOL" permitOverride="true" />
  <Signal type="$OUT" krcStartIndex="83" bitWidth="1" class="SLAVE" iecType="BOOL" permitOverride="true" />
  <Signal type="$OUT" krcStartIndex="84" bitWidth="1" class="SLAVE" iecType="BOOL" permitOverride="true" />
  <Signal type="$OUT" krcStartIndex="85" bitWidth="1" class="SLAVE" iecType="BOOL" permitOverride="true" />
  <Signal type="$OUT" krcStartIndex="86" bitWidth="1" class="SLAVE" iecType="BOOL" permitOverride="true" />
  <Signal type="$OUT" krcStartIndex="87" bitWidth="1" class="SLAVE" iecType="BOOL" permitOverride="true" />
  <Signal type="$OUT" krcStartIndex="88" bitWidth="1" class="SLAVE" iecType="BOOL" permitOverride="true" />
  <Signal type="$OUT" krcStartIndex="89" bitWidth="1" class="SLAVE" iecType="BOOL" permitOverride="true" />
  <Signal type="$OUT" krcStartIndex="90" bitWidth="1" class="SLAVE" iecType="BOOL" permitOverride="true" />
  <Signal type="$OUT" krcStartIndex="91" bitWidth="1" class="SLAVE" iecType="BOOL" permitOverride="true" />
  <Signal type="$OUT" krcStartIndex="92" bitWidth="1" class="SLAVE" iecType="BOOL" permitOverride="true" />
  <Signal type="$OUT" krcStartIndex="93" bitWidth="1" class="SLAVE" iecType="BOOL" permitOverride="true" />
  <Signal type="$OUT" krcStartIndex="94" bitWidth="1" class="SLAVE" iecType="BOOL" permitOverride="true" />
  <Signal type="$OUT" krcStartIndex="95" bitWidth="1" class="SLAVE" iecType="BOOL" permitOverride="true" />
  <Signal type="$OUT" krcStartIndex="96" bitWidth="1" class="SLAVE" iecType="BOOL" permitOverride="true" />
  <Signal type="$OUT" krcStartIndex="97" bitWidth="1" class="SLAVE" iecType="BOOL" permitOverride="true" />
  <Signal type="$OUT" krcStartIndex="98" bitWidth="1" class="SLAVE" iecType="BOOL" permitOverride="true" />
  <Signal type="$OUT" krcStartIndex="99" bitWidth="1" class="SLAVE" iecType="BOOL" permitOverride="true" />
  <Signal type="$OUT" krcStartIndex="100" bitWidth="1" class="SLAVE" iecType="BOOL" permitOverride="true" />
  <Signal type="$OUT" krcStartIndex="101" bitWidth="1" class="SLAVE" iecType="BOOL" permitOverride="true" />
  <Signal type="$OUT" krcStartIndex="102" bitWidth="1" class="SLAVE" iecType="BOOL" permitOverride="true" />
  <Signal type="$OUT" krcStartIndex="103" bitWidth="1" class="SLAVE" iecType="BOOL" permitOverride="true" />
  <Signal type="$OUT" krcStartIndex="104" bitWidth="1" class="SLAVE" iecType="BOOL" permitOverride="true" />
  <Signal type="$OUT" krcStartIndex="105" bitWidth="1" class="SLAVE" iecType="BOOL" permitOverride="true" />
  <Signal type="$OUT" krcStartIndex="106" bitWidth="1" class="SLAVE" iecType="BOOL" permitOverride="true" />
  <Signal type="$OUT" krcStartIndex="107" bitWidth="1" class="SLAVE" iecType="BOOL" permitOverride="true" />
  <Signal type="$OUT" krcStartIndex="108" bitWidth="1" class="SLAVE" iecType="BOOL" permitOverride="true" />
  <Signal type="$OUT" krcStartIndex="109" bitWidth="1" class="SLAVE" iecType="BOOL" permitOverride="true" />
  <Signal type="$OUT" krcStartIndex="110" bitWidth="1" class="SLAVE" iecType="BOOL" permitOverride="true" />
  <Signal type="$OUT" krcStartIndex="111" bitWidth="1" class="SLAVE" iecType="BOOL" permitOverride="true" />
  <Signal type="$OUT" krcStartIndex="112" bitWidth="1" class="SLAVE" iecType="BOOL" permitOverride="true" />
  <Signal type="$OUT" krcStartIndex="113" bitWidth="1" class="SLAVE" iecType="BOOL" permitOverride="true" />
  <Signal type="$OUT" krcStartIndex="114" bitWidth="1" class="SLAVE" iecType="BOOL" permitOverride="true" />
  <Signal type="$OUT" krcStartIndex="115" bitWidth="1" class="SLAVE" iecType="BOOL" permitOverride="true" />
  <Signal type="$OUT" krcStartIndex="116" bitWidth="1" class="SLAVE" iecType="BOOL" permitOverride="true" />
  <Signal type="$OUT" krcStartIndex="117" bitWidth="1" class="SLAVE" iecType="BOOL" permitOverride="true" />
  <Signal type="$OUT" krcStartIndex="118" bitWidth="1" class="SLAVE" iecType="BOOL" permitOverride="true" />
  <Signal type="$OUT" krcStartIndex="119" bitWidth="1" class="SLAVE" iecType="BOOL" permitOverride="true" />
  <Signal type="$OUT" krcStartIndex="120" bitWidth="1" class="SLAVE" iecType="BOOL" permitOverride="true" />
  <Signal type="$OUT" krcStartIndex="121" bitWidth="1" class="SLAVE" iecType="BOOL" permitOverride="true" />
  <Signal type="$OUT" krcStartIndex="122" bitWidth="1" class="SLAVE" iecType="BOOL" permitOverride="true" />
  <Signal type="$OUT" krcStartIndex="123" bitWidth="1" class="SLAVE" iecType="BOOL" permitOverride="true" />
  <Signal type="$OUT" krcStartIndex="124" bitWidth="1" class="SLAVE" iecType="BOOL" permitOverride="true" />
  <Signal type="$OUT" krcStartIndex="125" bitWidth="1" class="SLAVE" iecType="BOOL" permitOverride="true" />
  <Signal type="$OUT" krcStartIndex="126" bitWidth="1" class="SLAVE" iecType="BOOL" permitOverride="true" />
  <Signal type="$OUT" krcStartIndex="127" bitWidth="1" class="SLAVE" iecType="BOOL" permitOverride="true" />
  <Signal type="$OUT" krcStartIndex="128" bitWidth="1" class="SLAVE" iecType="BOOL" permitOverride="true" />
  <Signal type="$OUT" krcStartIndex="129" bitWidth="1" class="SLAVE" iecType="BOOL" permitOverride="true" />
  <Signal type="$OUT" krcStartIndex="130" bitWidth="1" class="SLAVE" iecType="BOOL" permitOverride="true" />
  <Signal type="$OUT" krcStartIndex="131" bitWidth="1" class="SLAVE" iecType="BOOL" permitOverride="true" />
  <Signal type="$OUT" krcStartIndex="132" bitWidth="1" class="SLAVE" iecType="BOOL" permitOverride="true" />
  <Signal type="$OUT" krcStartIndex="133" bitWidth="1" class="SLAVE" iecType="BOOL" permitOverride="true" />
  <Signal type="$OUT" krcStartIndex="134" bitWidth="1" class="SLAVE" iecType="BOOL" permitOverride="true" />
  <Signal type="$OUT" krcStartIndex="135" bitWidth="1" class="SLAVE" iecType="BOOL" permitOverride="true" />
  <Signal type="$OUT" krcStartIndex="136" bitWidth="1" class="SLAVE" iecType="BOOL" permitOverride="true" />
  <Signal type="$OUT" krcStartIndex="137" bitWidth="1" class="SLAVE" iecType="BOOL" permitOverride="true" />
  <Signal type="$OUT" krcStartIndex="138" bitWidth="1" class="SLAVE" iecType="BOOL" permitOverride="true" />
  <Signal type="$OUT" krcStartIndex="139" bitWidth="1" class="SLAVE" iecType="BOOL" permitOverride="true" />
  <Signal type="$OUT" krcStartIndex="140" bitWidth="1" class="SLAVE" iecType="BOOL" permitOverride="true" />
  <Signal type="$OUT" krcStartIndex="141" bitWidth="1" class="SLAVE" iecType="BOOL" permitOverride="true" />
  <Signal type="$OUT" krcStartIndex="142" bitWidth="1" class="SLAVE" iecType="BOOL" permitOverride="true" />
  <Signal type="$OUT" krcStartIndex="143" bitWidth="1" class="SLAVE" iecType="BOOL" permitOverride="true" />
  <Signal type="$OUT" krcStartIndex="144" bitWidth="1" class="SLAVE" iecType="BOOL" permitOverride="true" />
  <Signal type="$OUT" krcStartIndex="145" bitWidth="1" class="SLAVE" iecType="BOOL" permitOverride="true" />
  <Signal type="$OUT" krcStartIndex="146" bitWidth="1" class="SLAVE" iecType="BOOL" permitOverride="true" />
  <Signal type="$OUT" krcStartIndex="147" bitWidth="1" class="SLAVE" iecType="BOOL" permitOverride="true" />
  <Signal type="$OUT" krcStartIndex="148" bitWidth="1" class="SLAVE" iecType="BOOL" permitOverride="true" />
  <Signal type="$OUT" krcStartIndex="149" bitWidth="1" class="SLAVE" iecType="BOOL" permitOverride="true" />
  <Signal type="$OUT" krcStartIndex="150" bitWidth="1" class="SLAVE" iecType="BOOL" permitOverride="true" />
  <Signal type="$OUT" krcStartIndex="151" bitWidth="1" class="SLAVE" iecType="BOOL" permitOverride="true" />
  <Signal type="$OUT" krcStartIndex="152" bitWidth="1" class="SLAVE" iecType="BOOL" permitOverride="true" />
  <Signal type="$OUT" krcStartIndex="153" bitWidth="1" class="SLAVE" iecType="BOOL" permitOverride="true" />
  <Signal type="$OUT" krcStartIndex="154" bitWidth="1" class="SLAVE" iecType="BOOL" permitOverride="true" />
  <Signal type="$OUT" krcStartIndex="155" bitWidth="1" class="SLAVE" iecType="BOOL" permitOverride="true" />
  <Signal type="$OUT" krcStartIndex="156" bitWidth="1" class="SLAVE" iecType="BOOL" permitOverride="true" />
  <Signal type="$OUT" krcStartIndex="157" bitWidth="1" class="SLAVE" iecType="BOOL" permitOverride="true" />
  <Signal type="$OUT" krcStartIndex="158" bitWidth="1" class="SLAVE" iecType="BOOL" permitOverride="true" />
  <Signal type="$OUT" krcStartIndex="159" bitWidth="1" class="SLAVE" iecType="BOOL" permitOverride="true" />
  <Signal type="$OUT" krcStartIndex="160" bitWidth="1" class="SLAVE" iecType="BOOL" permitOverride="true" />
  <Signal type="$OUT" krcStartIndex="161" bitWidth="1" class="SLAVE" iecType="BOOL" permitOverride="true" />
  <Signal type="$OUT" krcStartIndex="162" bitWidth="1" class="SLAVE" iecType="BOOL" permitOverride="true" />
  <Signal type="$OUT" krcStartIndex="163" bitWidth="1" class="SLAVE" iecType="BOOL" permitOverride="true" />
  <Signal type="$OUT" krcStartIndex="164" bitWidth="1" class="SLAVE" iecType="BOOL" permitOverride="true" />
  <Signal type="$OUT" krcStartIndex="165" bitWidth="1" class="SLAVE" iecType="BOOL" permitOverride="true" />
  <Signal type="$OUT" krcStartIndex="166" bitWidth="1" class="SLAVE" iecType="BOOL" permitOverride="true" />
  <Signal type="$OUT" krcStartIndex="167" bitWidth="1" class="SLAVE" iecType="BOOL" permitOverride="true" />
  <Signal type="$OUT" krcStartIndex="168" bitWidth="1" class="SLAVE" iecType="BOOL" permitOverride="true" />
  <Signal type="$OUT" krcStartIndex="169" bitWidth="1" class="SLAVE" iecType="BOOL" permitOverride="true" />
  <Signal type="$OUT" krcStartIndex="170" bitWidth="1" class="SLAVE" iecType="BOOL" permitOverride="true" />
  <Signal type="$OUT" krcStartIndex="171" bitWidth="1" class="SLAVE" iecType="BOOL" permitOverride="true" />
  <Signal type="$OUT" krcStartIndex="172" bitWidth="1" class="SLAVE" iecType="BOOL" permitOverride="true" />
  <Signal type="$OUT" krcStartIndex="173" bitWidth="1" class="SLAVE" iecType="BOOL" permitOverride="true" />
  <Signal type="$OUT" krcStartIndex="174" bitWidth="1" class="SLAVE" iecType="BOOL" permitOverride="true" />
  <Signal type="$OUT" krcStartIndex="175" bitWidth="1" class="SLAVE" iecType="BOOL" permitOverride="true" />
  <Signal type="$OUT" krcStartIndex="176" bitWidth="1" class="SLAVE" iecType="BOOL" permitOverride="true" />
  <Signal type="$OUT" krcStartIndex="177" bitWidth="1" class="SLAVE" iecType="BOOL" permitOverride="true" />
  <Signal type="$OUT" krcStartIndex="178" bitWidth="1" class="SLAVE" iecType="BOOL" permitOverride="true" />
  <Signal type="$OUT" krcStartIndex="179" bitWidth="1" class="SLAVE" iecType="BOOL" permitOverride="true" />
  <Signal type="$OUT" krcStartIndex="180" bitWidth="1" class="SLAVE" iecType="BOOL" permitOverride="true" />
  <Signal type="$OUT" krcStartIndex="181" bitWidth="1" class="SLAVE" iecType="BOOL" permitOverride="true" />
  <Signal type="$OUT" krcStartIndex="182" bitWidth="1" class="SLAVE" iecType="BOOL" permitOverride="true" />
  <Signal type="$OUT" krcStartIndex="183" bitWidth="1" class="SLAVE" iecType="BOOL" permitOverride="true" />
  <Signal type="$OUT" krcStartIndex="184" bitWidth="1" class="SLAVE" iecType="BOOL" permitOverride="true" />
  <Signal type="$OUT" krcStartIndex="185" bitWidth="1" class="SLAVE" iecType="BOOL" permitOverride="true" />
  <Signal type="$OUT" krcStartIndex="186" bitWidth="1" class="SLAVE" iecType="BOOL" permitOverride="true" />
  <Signal type="$OUT" krcStartIndex="187" bitWidth="1" class="SLAVE" iecType="BOOL" permitOverride="true" />
  <Signal type="$OUT" krcStartIndex="188" bitWidth="1" class="SLAVE" iecType="BOOL" permitOverride="true" />
  <Signal type="$OUT" krcStartIndex="189" bitWidth="1" class="SLAVE" iecType="BOOL" permitOverride="true" />
  <Signal type="$OUT" krcStartIndex="190" bitWidth="1" class="SLAVE" iecType="BOOL" permitOverride="true" />
  <Signal type="$OUT" krcStartIndex="191" bitWidth="1" class="SLAVE" iecType="BOOL" permitOverride="true" />
  <Signal type="$OUT" krcStartIndex="192" bitWidth="1" class="SLAVE" iecType="BOOL" permitOverride="true" />
  <Signal type="$OUT" krcStartIndex="193" bitWidth="1" class="SLAVE" iecType="BOOL" permitOverride="true" />
  <Signal type="$OUT" krcStartIndex="194" bitWidth="1" class="SLAVE" iecType="BOOL" permitOverride="true" />
  <Signal type="$OUT" krcStartIndex="195" bitWidth="1" class="SLAVE" iecType="BOOL" permitOverride="true" />
  <Signal type="$OUT" krcStartIndex="196" bitWidth="1" class="SLAVE" iecType="BOOL" permitOverride="true" />
  <Signal type="$OUT" krcStartIndex="197" bitWidth="1" class="SLAVE" iecType="BOOL" permitOverride="true" />
  <Signal type="$OUT" krcStartIndex="198" bitWidth="1" class="SLAVE" iecType="BOOL" permitOverride="true" />
  <Signal type="$OUT" krcStartIndex="199" bitWidth="1" class="SLAVE" iecType="BOOL" permitOverride="true" />
  <Signal type="$OUT" krcStartIndex="200" bitWidth="1" class="SLAVE" iecType="BOOL" permitOverride="true" />
  <Signal type="$OUT" krcStartIndex="201" bitWidth="1" class="SLAVE" iecType="BOOL" permitOverride="true" />
  <Signal type="$OUT" krcStartIndex="202" bitWidth="1" class="SLAVE" iecType="BOOL" permitOverride="true" />
  <Signal type="$OUT" krcStartIndex="203" bitWidth="1" class="SLAVE" iecType="BOOL" permitOverride="true" />
  <Signal type="$OUT" krcStartIndex="204" bitWidth="1" class="SLAVE" iecType="BOOL" permitOverride="true" />
  <Signal type="$OUT" krcStartIndex="205" bitWidth="1" class="SLAVE" iecType="BOOL" permitOverride="true" />
  <Signal type="$OUT" krcStartIndex="206" bitWidth="1" class="SLAVE" iecType="BOOL" permitOverride="true" />
  <Signal type="$OUT" krcStartIndex="207" bitWidth="1" class="SLAVE" iecType="BOOL" permitOverride="true" />
  <Signal type="$OUT" krcStartIndex="208" bitWidth="1" class="SLAVE" iecType="BOOL" permitOverride="true" />
  <Signal type="$OUT" krcStartIndex="209" bitWidth="1" class="SLAVE" iecType="BOOL" permitOverride="true" />
  <Signal type="$OUT" krcStartIndex="210" bitWidth="1" class="SLAVE" iecType="BOOL" permitOverride="true" />
  <Signal type="$OUT" krcStartIndex="211" bitWidth="1" class="SLAVE" iecType="BOOL" permitOverride="true" />
  <Signal type="$OUT" krcStartIndex="212" bitWidth="1" class="SLAVE" iecType="BOOL" permitOverride="true" />
  <Signal type="$OUT" krcStartIndex="213" bitWidth="1" class="SLAVE" iecType="BOOL" permitOverride="true" />
  <Signal type="$OUT" krcStartIndex="214" bitWidth="1" class="SLAVE" iecType="BOOL" permitOverride="true" />
  <Signal type="$OUT" krcStartIndex="215" bitWidth="1" class="SLAVE" iecType="BOOL" permitOverride="true" />
  <Signal type="$OUT" krcStartIndex="216" bitWidth="1" class="SLAVE" iecType="BOOL" permitOverride="true" />
  <Signal type="$OUT" krcStartIndex="217" bitWidth="1" class="SLAVE" iecType="BOOL" permitOverride="true" />
  <Signal type="$OUT" krcStartIndex="218" bitWidth="1" class="SLAVE" iecType="BOOL" permitOverride="true" />
  <Signal type="$OUT" krcStartIndex="219" bitWidth="1" class="SLAVE" iecType="BOOL" permitOverride="true" />
  <Signal type="$OUT" krcStartIndex="220" bitWidth="1" class="SLAVE" iecType="BOOL" permitOverride="true" />
  <Signal type="$OUT" krcStartIndex="221" bitWidth="1" class="SLAVE" iecType="BOOL" permitOverride="true" />
  <Signal type="$OUT" krcStartIndex="222" bitWidth="1" class="SLAVE" iecType="BOOL" permitOverride="true" />
  <Signal type="$OUT" krcStartIndex="223" bitWidth="1" class="SLAVE" iecType="BOOL" permitOverride="true" />
  <Signal type="$OUT" krcStartIndex="224" bitWidth="1" class="SLAVE" iecType="BOOL" permitOverride="true" />
  <Signal type="$OUT" krcStartIndex="225" bitWidth="1" class="SLAVE" iecType="BOOL" permitOverride="true" />
  <Signal type="$OUT" krcStartIndex="226" bitWidth="1" class="SLAVE" iecType="BOOL" permitOverride="true" />
  <Signal type="$OUT" krcStartIndex="227" bitWidth="1" class="SLAVE" iecType="BOOL" permitOverride="true" />
  <Signal type="$OUT" krcStartIndex="228" bitWidth="1" class="SLAVE" iecType="BOOL" permitOverride="true" />
  <Signal type="$OUT" krcStartIndex="229" bitWidth="1" class="SLAVE" iecType="BOOL" permitOverride="true" />
  <Signal type="$OUT" krcStartIndex="230" bitWidth="1" class="SLAVE" iecType="BOOL" permitOverride="true" />
  <Signal type="$OUT" krcStartIndex="231" bitWidth="1" class="SLAVE" iecType="BOOL" permitOverride="true" />
  <Signal type="$OUT" krcStartIndex="232" bitWidth="1" class="SLAVE" iecType="BOOL" permitOverride="true" />
  <Signal type="$OUT" krcStartIndex="233" bitWidth="1" class="SLAVE" iecType="BOOL" permitOverride="true" />
  <Signal type="$OUT" krcStartIndex="234" bitWidth="1" class="SLAVE" iecType="BOOL" permitOverride="true" />
  <Signal type="$OUT" krcStartIndex="235" bitWidth="1" class="SLAVE" iecType="BOOL" permitOverride="true" />
  <Signal type="$OUT" krcStartIndex="236" bitWidth="1" class="SLAVE" iecType="BOOL" permitOverride="true" />
  <Signal type="$OUT" krcStartIndex="237" bitWidth="1" class="SLAVE" iecType="BOOL" permitOverride="true" />
  <Signal type="$OUT" krcStartIndex="238" bitWidth="1" class="SLAVE" iecType="BOOL" permitOverride="true" />
  <Signal type="$OUT" krcStartIndex="239" bitWidth="1" class="SLAVE" iecType="BOOL" permitOverride="true" />
  <Signal type="$OUT" krcStartIndex="240" bitWidth="1" class="SLAVE" iecType="BOOL" permitOverride="true" />
  <Signal type="$OUT" krcStartIndex="241" bitWidth="1" class="SLAVE" iecType="BOOL" permitOverride="true" />
  <Signal type="$OUT" krcStartIndex="242" bitWidth="1" class="SLAVE" iecType="BOOL" permitOverride="true" />
  <Signal type="$OUT" krcStartIndex="243" bitWidth="1" class="SLAVE" iecType="BOOL" permitOverride="true" />
  <Signal type="$OUT" krcStartIndex="244" bitWidth="1" class="SLAVE" iecType="BOOL" permitOverride="true" />
  <Signal type="$OUT" krcStartIndex="245" bitWidth="1" class="SLAVE" iecType="BOOL" permitOverride="true" />
  <Signal type="$OUT" krcStartIndex="246" bitWidth="1" class="SLAVE" iecType="BOOL" permitOverride="true" />
  <Signal type="$OUT" krcStartIndex="247" bitWidth="1" class="SLAVE" iecType="BOOL" permitOverride="true" />
  <Signal type="$OUT" krcStartIndex="248" bitWidth="1" class="SLAVE" iecType="BOOL" permitOverride="true" />
  <Signal type="$OUT" krcStartIndex="249" bitWidth="1" class="SLAVE" iecType="BOOL" permitOverride="true" />
  <Signal type="$OUT" krcStartIndex="250" bitWidth="1" class="SLAVE" iecType="BOOL" permitOverride="true" />
  <Signal type="$OUT" krcStartIndex="251" bitWidth="1" class="SLAVE" iecType="BOOL" permitOverride="true" />
  <Signal type="$OUT" krcStartIndex="252" bitWidth="1" class="SLAVE" iecType="BOOL" permitOverride="true" />
  <Signal type="$OUT" krcStartIndex="253" bitWidth="1" class="SLAVE" iecType="BOOL" permitOverride="true" />
  <Signal type="$OUT" krcStartIndex="254" bitWidth="1" class="SLAVE" iecType="BOOL" permitOverride="true" />
  <Signal type="$OUT" krcStartIndex="255" bitWidth="1" class="SLAVE" iecType="BOOL" permitOverride="true" />
  <Signal type="$OUT" krcStartIndex="256" bitWidth="1" class="SLAVE" iecType="BOOL" permitOverride="true" />
  <Signal type="$OUT" krcStartIndex="513" bitWidth="1" class="MASTER" iecType="BOOL" permitOverride="true" />
  <Signal type="$OUT" krcStartIndex="515" bitWidth="1" class="MASTER" iecType="BOOL" permitOverride="true" />
  <Signal type="$OUT" krcStartIndex="705" bitWidth="1" class="MASTER" iecType="BOOL" permitOverride="true" />
  <Signal type="$OUT" krcStartIndex="706" bitWidth="1" class="MASTER" iecType="BOOL" permitOverride="true" />
  <Signal type="$OUT" krcStartIndex="707" bitWidth="1" class="MASTER" iecType="BOOL" permitOverride="true" />
  <Signal type="$OUT" krcStartIndex="708" bitWidth="1" class="MASTER" iecType="BOOL" permitOverride="true" />
  <Signal type="$OUT" krcStartIndex="709" bitWidth="1" class="MASTER" iecType="BOOL" permitOverride="true" />
  <Signal type="$OUT" krcStartIndex="710" bitWidth="1" class="MASTER" iecType="BOOL" permitOverride="true" />
  <Signal type="$OUT" krcStartIndex="711" bitWidth="1" class="MASTER" iecType="BOOL" permitOverride="true" />
  <Signal type="$OUT" krcStartIndex="712" bitWidth="1" class="MASTER" iecType="BOOL" permitOverride="true" />
  <Signal type="$OUT" krcStartIndex="713" bitWidth="1" class="MASTER" iecType="BOOL" permitOverride="true" />
  <Signal type="$OUT" krcStartIndex="714" bitWidth="1" class="MASTER" iecType="BOOL" permitOverride="true" />
  <Signal type="$OUT" krcStartIndex="715" bitWidth="1" class="MASTER" iecType="BOOL" permitOverride="true" />
  <Signal type="$OUT" krcStartIndex="716" bitWidth="1" class="MASTER" iecType="BOOL" permitOverride="true" />
  <Signal type="$OUT" krcStartIndex="717" bitWidth="1" class="MASTER" iecType="BOOL" permitOverride="true" />
  <Signal type="$OUT" krcStartIndex="718" bitWidth="1" class="MASTER" iecType="BOOL" permitOverride="true" />
  <Signal type="$OUT" krcStartIndex="719" bitWidth="1" class="MASTER" iecType="BOOL" permitOverride="true" />
  <Signal type="$OUT" krcStartIndex="720" bitWidth="1" class="MASTER" iecType="BOOL" permitOverride="true" />
  <Signal type="$OUT" krcStartIndex="721" bitWidth="1" class="MASTER" iecType="BOOL" permitOverride="true" />
  <Signal type="$OUT" krcStartIndex="722" bitWidth="1" class="MASTER" iecType="BOOL" permitOverride="true" />
  <Signal type="$OUT" krcStartIndex="723" bitWidth="1" class="MASTER" iecType="BOOL" permitOverride="true" />
  <Signal type="$OUT" krcStartIndex="724" bitWidth="1" class="MASTER" iecType="BOOL" permitOverride="true" />
  <Signal type="$OUT" krcStartIndex="725" bitWidth="1" class="MASTER" iecType="BOOL" permitOverride="true" />
  <Signal type="$OUT" krcStartIndex="726" bitWidth="1" class="MASTER" iecType="BOOL" permitOverride="true" />
  <Signal type="$OUT" krcStartIndex="727" bitWidth="1" class="MASTER" iecType="BOOL" permitOverride="true" />
  <Signal type="$OUT" krcStartIndex="728" bitWidth="1" class="MASTER" iecType="BOOL" permitOverride="true" />
  <Signal type="$OUT" krcStartIndex="729" bitWidth="1" class="MASTER" iecType="BOOL" permitOverride="true" />
  <Signal type="$OUT" krcStartIndex="730" bitWidth="1" class="MASTER" iecType="BOOL" permitOverride="true" />
  <Signal type="$OUT" krcStartIndex="731" bitWidth="1" class="MASTER" iecType="BOOL" permitOverride="true" />
  <Signal type="$OUT" krcStartIndex="732" bitWidth="1" class="MASTER" iecType="BOOL" permitOverride="true" />
  <Signal type="$OUT" krcStartIndex="733" bitWidth="1" class="MASTER" iecType="BOOL" permitOverride="true" />
  <Signal type="$OUT" krcStartIndex="734" bitWidth="1" class="MASTER" iecType="BOOL" permitOverride="true" />
  <Signal type="$OUT" krcStartIndex="735" bitWidth="1" class="MASTER" iecType="BOOL" permitOverride="true" />
  <Signal type="$OUT" krcStartIndex="736" bitWidth="1" class="MASTER" iecType="BOOL" permitOverride="true" />
  <Signal type="$OUT" krcStartIndex="753" bitWidth="1" class="MASTER" iecType="BOOL" permitOverride="true" />
  <Signal type="$OUT" krcStartIndex="754" bitWidth="1" class="MASTER" iecType="BOOL" permitOverride="true" />
  <Signal type="$OUT" krcStartIndex="755" bitWidth="1" class="MASTER" iecType="BOOL" permitOverride="true" />
  <Signal type="$OUT" krcStartIndex="756" bitWidth="1" class="MASTER" iecType="BOOL" permitOverride="true" />
  <Signal type="$OUT" krcStartIndex="757" bitWidth="1" class="MASTER" iecType="BOOL" permitOverride="true" />
  <Signal type="$OUT" krcStartIndex="758" bitWidth="1" class="MASTER" iecType="BOOL" permitOverride="true" />
  <Signal type="$OUT" krcStartIndex="759" bitWidth="1" class="MASTER" iecType="BOOL" permitOverride="true" />
  <Signal type="$OUT" krcStartIndex="760" bitWidth="1" class="MASTER" iecType="BOOL" permitOverride="true" />
  <Signal type="$OUT" krcStartIndex="761" bitWidth="1" class="MASTER" iecType="BOOL" permitOverride="true" />
  <Signal type="$OUT" krcStartIndex="762" bitWidth="1" class="MASTER" iecType="BOOL" permitOverride="true" />
  <Signal type="$OUT" krcStartIndex="763" bitWidth="1" class="MASTER" iecType="BOOL" permitOverride="true" />
  <Signal type="$OUT" krcStartIndex="764" bitWidth="1" class="MASTER" iecType="BOOL" permitOverride="true" />
  <Signal type="$OUT" krcStartIndex="765" bitWidth="1" class="MASTER" iecType="BOOL" permitOverride="true" />
  <Signal type="$OUT" krcStartIndex="766" bitWidth="1" class="MASTER" iecType="BOOL" permitOverride="true" />
  <Signal type="$OUT" krcStartIndex="767" bitWidth="1" class="MASTER" iecType="BOOL" permitOverride="true" />
  <Signal type="$OUT" krcStartIndex="768" bitWidth="1" class="MASTER" iecType="BOOL" permitOverride="true" />
  <Signal type="$OUT" krcStartIndex="769" bitWidth="1" class="MASTER" iecType="BOOL" permitOverride="true" />
  <Signal type="$OUT" krcStartIndex="770" bitWidth="1" class="MASTER" iecType="BOOL" permitOverride="true" />
  <Signal type="$OUT" krcStartIndex="771" bitWidth="1" class="MASTER" iecType="BOOL" permitOverride="true" />
  <Signal type="$OUT" krcStartIndex="772" bitWidth="1" class="MASTER" iecType="BOOL" permitOverride="true" />
  <Signal type="$OUT" krcStartIndex="773" bitWidth="1" class="MASTER" iecType="BOOL" permitOverride="true" />
  <Signal type="$OUT" krcStartIndex="774" bitWidth="1" class="MASTER" iecType="BOOL" permitOverride="true" />
  <Signal type="$OUT" krcStartIndex="775" bitWidth="1" class="MASTER" iecType="BOOL" permitOverride="true" />
  <Signal type="$OUT" krcStartIndex="776" bitWidth="1" class="MASTER" iecType="BOOL" permitOverride="true" />
  <Signal type="$OUT" krcStartIndex="777" bitWidth="1" class="MASTER" iecType="BOOL" permitOverride="true" />
  <Signal type="$OUT" krcStartIndex="778" bitWidth="1" class="MASTER" iecType="BOOL" permitOverride="true" />
  <Signal type="$OUT" krcStartIndex="779" bitWidth="1" class="MASTER" iecType="BOOL" permitOverride="true" />
  <Signal type="$OUT" krcStartIndex="780" bitWidth="1" class="MASTER" iecType="BOOL" permitOverride="true" />
  <Signal type="$OUT" krcStartIndex="781" bitWidth="1" class="MASTER" iecType="BOOL" permitOverride="true" />
  <Signal type="$OUT" krcStartIndex="782" bitWidth="1" class="MASTER" iecType="BOOL" permitOverride="true" />
  <Signal type="$OUT" krcStartIndex="783" bitWidth="1" class="MASTER" iecType="BOOL" permitOverride="true" />
  <Signal type="$OUT" krcStartIndex="784" bitWidth="1" class="MASTER" iecType="BOOL" permitOverride="true" />
  <Signal type="$OUT" krcStartIndex="785" bitWidth="1" class="MASTER" iecType="BOOL" permitOverride="true" />
  <Signal type="$OUT" krcStartIndex="786" bitWidth="1" class="MASTER" iecType="BOOL" permitOverride="true" />
  <Signal type="$OUT" krcStartIndex="787" bitWidth="1" class="MASTER" iecType="BOOL" permitOverride="true" />
  <Signal type="$OUT" krcStartIndex="788" bitWidth="1" class="MASTER" iecType="BOOL" permitOverride="true" />
  <Signal type="$OUT" krcStartIndex="789" bitWidth="1" class="MASTER" iecType="BOOL" permitOverride="true" />
  <Signal type="$OUT" krcStartIndex="790" bitWidth="1" class="MASTER" iecType="BOOL" permitOverride="true" />
  <Signal type="$OUT" krcStartIndex="791" bitWidth="1" class="MASTER" iecType="BOOL" permitOverride="true" />
  <Signal type="$OUT" krcStartIndex="792" bitWidth="1" class="MASTER" iecType="BOOL" permitOverride="true" />
  <Signal type="$OUT" krcStartIndex="793" bitWidth="1" class="MASTER" iecType="BOOL" permitOverride="true" />
  <Signal type="$OUT" krcStartIndex="794" bitWidth="1" class="MASTER" iecType="BOOL" permitOverride="true" />
  <Signal type="$OUT" krcStartIndex="795" bitWidth="1" class="MASTER" iecType="BOOL" permitOverride="true" />
  <Signal type="$OUT" krcStartIndex="796" bitWidth="1" class="MASTER" iecType="BOOL" permitOverride="true" />
  <Signal type="$OUT" krcStartIndex="797" bitWidth="1" class="MASTER" iecType="BOOL" permitOverride="true" />
  <Signal type="$OUT" krcStartIndex="798" bitWidth="1" class="MASTER" iecType="BOOL" permitOverride="true" />
  <Signal type="$OUT" krcStartIndex="799" bitWidth="1" class="MASTER" iecType="BOOL" permitOverride="true" />
  <Signal type="$OUT" krcStartIndex="800" bitWidth="1" class="MASTER" iecType="BOOL" permitOverride="true" />
  <Signal type="$OUT" krcStartIndex="801" bitWidth="1" class="MASTER" iecType="BOOL" permitOverride="true" />
  <Signal type="$OUT" krcStartIndex="802" bitWidth="1" class="MASTER" iecType="BOOL" permitOverride="true" />
  <Signal type="$OUT" krcStartIndex="803" bitWidth="1" class="MASTER" iecType="BOOL" permitOverride="true" />
  <Signal type="$OUT" krcStartIndex="804" bitWidth="1" class="MASTER" iecType="BOOL" permitOverride="true" />
  <Signal type="$OUT" krcStartIndex="805" bitWidth="1" class="MASTER" iecType="BOOL" permitOverride="true" />
  <Signal type="$OUT" krcStartIndex="806" bitWidth="1" class="MASTER" iecType="BOOL" permitOverride="true" />
  <Signal type="$OUT" krcStartIndex="807" bitWidth="1" class="MASTER" iecType="BOOL" permitOverride="true" />
  <Signal type="$OUT" krcStartIndex="808" bitWidth="1" class="MASTER" iecType="BOOL" permitOverride="true" />
  <Signal type="$OUT" krcStartIndex="809" bitWidth="1" class="MASTER" iecType="BOOL" permitOverride="true" />
  <Signal type="$OUT" krcStartIndex="810" bitWidth="1" class="MASTER" iecType="BOOL" permitOverride="true" />
  <Signal type="$OUT" krcStartIndex="811" bitWidth="1" class="MASTER" iecType="BOOL" permitOverride="true" />
  <Signal type="$OUT" krcStartIndex="812" bitWidth="1" class="MASTER" iecType="BOOL" permitOverride="true" />
  <Signal type="$OUT" krcStartIndex="813" bitWidth="1" class="MASTER" iecType="BOOL" permitOverride="true" />
  <Signal type="$OUT" krcStartIndex="814" bitWidth="1" class="MASTER" iecType="BOOL" permitOverride="true" />
  <Signal type="$OUT" krcStartIndex="815" bitWidth="1" class="MASTER" iecType="BOOL" permitOverride="true" />
  <Signal type="$OUT" krcStartIndex="816" bitWidth="1" class="MASTER" iecType="BOOL" permitOverride="true" />
  <Signal type="$OUT" krcStartIndex="817" bitWidth="1" class="MASTER" iecType="BOOL" permitOverride="true" />
  <Signal type="$OUT" krcStartIndex="818" bitWidth="1" class="MASTER" iecType="BOOL" permitOverride="true" />
  <Signal type="$OUT" krcStartIndex="819" bitWidth="1" class="MASTER" iecType="BOOL" permitOverride="true" />
  <Signal type="$OUT" krcStartIndex="820" bitWidth="1" class="MASTER" iecType="BOOL" permitOverride="true" />
  <Signal type="$OUT" krcStartIndex="821" bitWidth="1" class="MASTER" iecType="BOOL" permitOverride="true" />
  <Signal type="$OUT" krcStartIndex="822" bitWidth="1" class="MASTER" iecType="BOOL" permitOverride="true" />
  <Signal type="$OUT" krcStartIndex="823" bitWidth="1" class="MASTER" iecType="BOOL" permitOverride="true" />
  <Signal type="$OUT" krcStartIndex="824" bitWidth="1" class="MASTER" iecType="BOOL" permitOverride="true" />
  <Signal type="$OUT" krcStartIndex="825" bitWidth="1" class="MASTER" iecType="BOOL" permitOverride="true" />
  <Signal type="$OUT" krcStartIndex="826" bitWidth="1" class="MASTER" iecType="BOOL" permitOverride="true" />
  <Signal type="$OUT" krcStartIndex="827" bitWidth="1" class="MASTER" iecType="BOOL" permitOverride="true" />
  <Signal type="$OUT" krcStartIndex="828" bitWidth="1" class="MASTER" iecType="BOOL" permitOverride="true" />
  <Signal type="$OUT" krcStartIndex="829" bitWidth="1" class="MASTER" iecType="BOOL" permitOverride="true" />
  <Signal type="$OUT" krcStartIndex="830" bitWidth="1" class="MASTER" iecType="BOOL" permitOverride="true" />
  <Signal type="$OUT" krcStartIndex="831" bitWidth="1" class="MASTER" iecType="BOOL" permitOverride="true" />
  <Signal type="$OUT" krcStartIndex="832" bitWidth="1" class="MASTER" iecType="BOOL" permitOverride="true" />
  <Signal type="$OUT" krcStartIndex="857" bitWidth="1" class="MASTER" iecType="BOOL" permitOverride="true" />
  <Signal type="$OUT" krcStartIndex="858" bitWidth="1" class="MASTER" iecType="BOOL" permitOverride="true" />
  <Signal type="$OUT" krcStartIndex="860" bitWidth="1" class="MASTER" iecType="BOOL" permitOverride="true" />
  <Signal type="$OUT" krcStartIndex="861" bitWidth="1" class="MASTER" iecType="BOOL" permitOverride="true" />
  <Signal type="$OUT" krcStartIndex="862" bitWidth="1" class="MASTER" iecType="BOOL" permitOverride="true" />
</KrcIoSignals>