﻿<?xml version="1.0" encoding="utf-8"?>
<!--XML file automatically generated by WorkVisual V5.0.7_Build0755.-->
<!--DO NOT EDIT-->
<MONAConfig xmlns:xsi="http://www.w3.org/2001/XMLSchema-instance" xmlns:xsd="http://www.w3.org/2001/XMLSchema">
  <Param type="PN:ModID0" value="769" />
  <Param type="PN:SMID01" value="1" />
  <Param type="PN:ModID1" value="143" />
  <Param type="PN:SMID11" value="1" />
  <Param type="PN:ModID2" value="4096" />
  <Param type="PN:SMID21" value="1" />
  <Param type="PN:InDataLength11" value="12" />
  <Param type="PN:InDataLength21" value="32" />
  <Param type="PN:OutDataLength11" value="12" />
  <Param type="PN:OutDataLength21" value="32" />
</MONAConfig>