﻿<?xml version="1.0" encoding="utf-8"?>
<!--XML file automatically generated by WorkVisual V5.0.7_Build0755.-->
<!--DO NOT EDIT-->
<Driver xsi:noNamespaceSchemaLocation="/Roboter/Config/System/Common/Schemes/PNIODriver.xsd" kukaVersion="1" xmlns:xsi="http://www.w3.org/2001/XMLSchema-instance">
  <Version Label="">
    <Info Version="" />
    <Schema Version="600" />
  </Version>
  <PROFINET PNIODeviceName="kaadac214030r01rs--kux" />
  <DeviceInstance Name="PNIO-DEV" busCycleTime="8" busTimeout="20000" DiagnosticAlarmActive="true" ProfinetVersion="v8.3" EnableBusErrorBit="true" InvertBusErrorBit="true" BusErrorBitOffset="26" EnableMaintenanceRequestBit="true" InvertMaintenanceRequestBit="false" MaintenanceRequestBitOffset="25" EnableMaintenanceDemandBit="true" InvertMaintenanceDemandBit="false" MaintenanceDemandBitOffset="25" EnableDiagnosticAlarmBit="false" InvertDiagnosticAlarmBit="false" DiagnosticAlarmBitOffset="25" NestedAlarmActive="false" />
  <ControllerInstance Name="PNIO-CTRL" busCycleTime="2" busTimeout="20000">
    <Device Name="kaadac214030r01rp-1ka1" ARUserID="204" InputDataLength="9" OutputDataLength="12" DiagnosticAlarmActive="true" IsActive="true" DeleteARPCache="false" />
    <Device Name="kaadac214030r01ra-1ka1" ARUserID="202" InputDataLength="4" OutputDataLength="4" DiagnosticAlarmActive="true" IsActive="true" DeleteARPCache="false" />
    <Device Name="kaadac214030r01ra-3ka1" ARUserID="203" InputDataLength="4" OutputDataLength="4" DiagnosticAlarmActive="true" IsActive="true" DeleteARPCache="false" />
    <Device Name="kaadac214030r01sk-1ka1" ARUserID="207" InputDataLength="12" OutputDataLength="12" DiagnosticAlarmActive="true" IsActive="true" DeleteARPCache="false" />
    <Device Name="kaadac214030r01sz-1ka1" ARUserID="205" InputDataLength="16" OutputDataLength="16" DiagnosticAlarmActive="true" IsActive="true" DeleteARPCache="false" />
    <Device Name="kaadac213030r01kw-1ka1" ARUserID="206" InputDataLength="8" OutputDataLength="8" DiagnosticAlarmActive="true" IsActive="true" DeleteARPCache="false" />
  </ControllerInstance>
</Driver>