﻿<?xml version="1.0" encoding="utf-8"?>
<!--XML file automatically generated by WorkVisual V5.0.7_Build0755.-->
<!--DO NOT EDIT-->
<Application xsi:noNamespaceSchemaLocation="/Roboter/Config/System/Common/Schemes/ProConOS_IO.xsd" xmlns:xsi="http://www.w3.org/2001/XMLSchema-instance">
  <Version Label="">
    <Info Version="" />
    <Schema Version="100" />
  </Version>
  <ProcessData>
    <Segment drvName="PNIODriver" busInstanceName="PNIO-CTRL" byteOffset="41" byteSize="1" segmentID="10" />
    <Segment drvName="VIODriver" busInstanceName="VIO-USER-BUS" byteOffset="0" byteSize="1" segmentID="20" />
    <Segment drvName="VIODriver" busInstanceName="VIO-USER-BUS" byteOffset="1" byteSize="1" segmentID="30" />
    <Segment drvName="VIODriver" busInstanceName="VIO-USER-BUS" byteOffset="2" byteSize="1" segmentID="40" />
    <Segment drvName="VIODriver" busInstanceName="VIO-USER-BUS" byteOffset="3" byteSize="1" segmentID="50" />
    <Segment drvName="VIODriver" busInstanceName="VIO-USER-BUS" byteOffset="4" byteSize="1" segmentID="60" />
    <Segment drvName="VIODriver" busInstanceName="VIO-USER-BUS" byteOffset="5" byteSize="1" segmentID="70" />
    <Segment drvName="PNIODriver" busInstanceName="PNIO-CTRL" byteOffset="42" byteSize="1" segmentID="11" />
    <Segment drvName="PNIODriver" busInstanceName="PNIO-CTRL" byteOffset="43" byteSize="1" segmentID="12" />
    <Segment drvName="PNIODriver" busInstanceName="PNIO-CTRL" byteOffset="44" byteSize="1" segmentID="13" />
    <Segment drvName="PNIODriver" busInstanceName="PNIO-CTRL" byteOffset="45" byteSize="1" segmentID="14" />
    <Segment drvName="PNIODriver" busInstanceName="PNIO-CTRL" byteOffset="46" byteSize="1" segmentID="15" />
    <Segment drvName="PNIODriver" busInstanceName="PNIO-CTRL" byteOffset="47" byteSize="1" segmentID="16" />
    <Segment drvName="PNIODriver" busInstanceName="PNIO-CTRL" byteOffset="48" byteSize="1" segmentID="17" />
    <Segment drvName="PNIODriver" busInstanceName="PNIO-CTRL" byteOffset="49" byteSize="1" segmentID="18" />
    <Segment drvName="PNIODriver" busInstanceName="PNIO-CTRL" byteOffset="50" byteSize="1" segmentID="19" />
    <Segment drvName="VIODriver" busInstanceName="VIO-USER-BUS" byteOffset="6" byteSize="1" segmentID="21" />
    <Segment drvName="VIODriver" busInstanceName="VIO-USER-BUS" byteOffset="7" byteSize="1" segmentID="22" />
    <Segment drvName="VIODriver" busInstanceName="VIO-USER-BUS" byteOffset="8" byteSize="1" segmentID="23" />
    <Segment drvName="VIODriver" busInstanceName="VIO-USER-BUS" byteOffset="9" byteSize="1" segmentID="24" />
    <Segment drvName="VIODriver" busInstanceName="VIO-USER-BUS" byteOffset="10" byteSize="1" segmentID="25" />
    <Segment drvName="VIODriver" busInstanceName="VIO-USER-BUS" byteOffset="11" byteSize="1" segmentID="26" />
    <Segment drvName="VIODriver" busInstanceName="VIO-USER-BUS" byteOffset="12" byteSize="1" segmentID="27" />
    <Segment drvName="VIODriver" busInstanceName="VIO-USER-BUS" byteOffset="13" byteSize="1" segmentID="28" />
    <Segment drvName="VIODriver" busInstanceName="VIO-USER-BUS" byteOffset="14" byteSize="1" segmentID="29" />
    <Segment drvName="VIODriver" busInstanceName="VIO-USER-BUS" byteOffset="15" byteSize="1" segmentID="31" />
    <Segment drvName="VIODriver" busInstanceName="VIO-USER-BUS" byteOffset="16" byteSize="1" segmentID="32" />
    <Segment drvName="VIODriver" busInstanceName="VIO-USER-BUS" byteOffset="17" byteSize="1" segmentID="33" />
    <Segment drvName="VIODriver" busInstanceName="VIO-USER-BUS" byteOffset="18" byteSize="1" segmentID="34" />
    <Segment drvName="VIODriver" busInstanceName="VIO-USER-BUS" byteOffset="19" byteSize="1" segmentID="35" />
    <Segment drvName="VIODriver" busInstanceName="VIO-USER-BUS" byteOffset="20" byteSize="1" segmentID="36" />
    <Segment drvName="VIODriver" busInstanceName="VIO-USER-BUS" byteOffset="21" byteSize="1" segmentID="37" />
    <Segment drvName="VIODriver" busInstanceName="VIO-USER-BUS" byteOffset="22" byteSize="1" segmentID="38" />
    <Segment drvName="VIODriver" busInstanceName="VIO-USER-BUS" byteOffset="23" byteSize="1" segmentID="39" />
    <Segment drvName="VIODriver" busInstanceName="VIO-USER-BUS" byteOffset="24" byteSize="1" segmentID="41" />
    <Segment drvName="VIODriver" busInstanceName="VIO-USER-BUS" byteOffset="25" byteSize="1" segmentID="42" />
    <Segment drvName="VIODriver" busInstanceName="VIO-USER-BUS" byteOffset="26" byteSize="1" segmentID="43" />
    <Segment drvName="VIODriver" busInstanceName="VIO-USER-BUS" byteOffset="27" byteSize="1" segmentID="44" />
    <Segment drvName="VIODriver" busInstanceName="VIO-USER-BUS" byteOffset="28" byteSize="1" segmentID="45" />
    <Segment drvName="VIODriver" busInstanceName="VIO-USER-BUS" byteOffset="29" byteSize="1" segmentID="46" />
    <Segment drvName="VIODriver" busInstanceName="VIO-USER-BUS" byteOffset="30" byteSize="1" segmentID="47" />
    <Segment drvName="VIODriver" busInstanceName="VIO-USER-BUS" byteOffset="31" byteSize="1" segmentID="48" />
    <Segment drvName="VIODriver" busInstanceName="VIO-USER-BUS" byteOffset="32" byteSize="1" segmentID="49" />
    <Segment drvName="VIODriver" busInstanceName="VIO-USER-BUS" byteOffset="33" byteSize="1" segmentID="51" />
    <Segment drvName="VIODriver" busInstanceName="VIO-USER-BUS" byteOffset="34" byteSize="1" segmentID="52" />
    <Segment drvName="VIODriver" busInstanceName="VIO-USER-BUS" byteOffset="35" byteSize="1" segmentID="53" />
    <Segment drvName="VIODriver" busInstanceName="VIO-USER-BUS" byteOffset="36" byteSize="1" segmentID="54" />
    <Segment drvName="VIODriver" busInstanceName="VIO-USER-BUS" byteOffset="37" byteSize="1" segmentID="55" />
    <Segment drvName="VIODriver" busInstanceName="VIO-USER-BUS" byteOffset="38" byteSize="1" segmentID="56" />
    <Segment drvName="VIODriver" busInstanceName="VIO-USER-BUS" byteOffset="39" byteSize="1" segmentID="57" />
    <Segment drvName="VIODriver" busInstanceName="VIO-USER-BUS" byteOffset="40" byteSize="1" segmentID="58" />
    <Segment drvName="VIODriver" busInstanceName="VIO-USER-BUS" byteOffset="41" byteSize="1" segmentID="59" />
    <Segment drvName="VIODriver" busInstanceName="VIO-USER-BUS" byteOffset="42" byteSize="1" segmentID="61" />
    <Segment drvName="VIODriver" busInstanceName="VIO-USER-BUS" byteOffset="43" byteSize="1" segmentID="62" />
    <Segment drvName="VIODriver" busInstanceName="VIO-USER-BUS" byteOffset="44" byteSize="1" segmentID="63" />
    <Segment drvName="VIODriver" busInstanceName="VIO-USER-BUS" byteOffset="45" byteSize="1" segmentID="64" />
    <Segment drvName="VIODriver" busInstanceName="VIO-USER-BUS" byteOffset="46" byteSize="1" segmentID="65" />
    <Segment drvName="VIODriver" busInstanceName="VIO-USER-BUS" byteOffset="47" byteSize="1" segmentID="66" />
    <Segment drvName="VIODriver" busInstanceName="VIO-USER-BUS" byteOffset="48" byteSize="1" segmentID="67" />
    <Segment drvName="VIODriver" busInstanceName="VIO-USER-BUS" byteOffset="49" byteSize="1" segmentID="68" />
    <Segment drvName="VIODriver" busInstanceName="VIO-USER-BUS" byteOffset="50" byteSize="1" segmentID="69" />
    <Segment drvName="VIODriver" busInstanceName="VIO-USER-BUS" byteOffset="51" byteSize="1" segmentID="71" />
    <Segment drvName="VIODriver" busInstanceName="VIO-USER-BUS" byteOffset="52" byteSize="1" segmentID="72" />
    <Segment drvName="VIODriver" busInstanceName="VIO-USER-BUS" byteOffset="53" byteSize="1" segmentID="73" />
    <Segment drvName="VIODriver" busInstanceName="VIO-USER-BUS" byteOffset="54" byteSize="1" segmentID="74" />
    <Segment drvName="VIODriver" busInstanceName="VIO-USER-BUS" byteOffset="55" byteSize="1" segmentID="75" />
    <Segment drvName="VIODriver" busInstanceName="VIO-USER-BUS" byteOffset="56" byteSize="1" segmentID="76" />
    <Segment drvName="VIODriver" busInstanceName="VIO-USER-BUS" byteOffset="57" byteSize="1" segmentID="77" />
    <Segment drvName="VIODriver" busInstanceName="VIO-USER-BUS" byteOffset="58" byteSize="1" segmentID="78" />
    <Segment drvName="VIODriver" busInstanceName="VIO-USER-BUS" byteOffset="59" byteSize="1" segmentID="79" />
    <Segment drvName="PNIODriver" busInstanceName="PNIO-CTRL" byteOffset="65" byteSize="1" segmentID="110" />
    <Segment drvName="VIODriver" busInstanceName="VIO-USER-BUS" byteOffset="60" byteSize="1" segmentID="120" />
    <Segment drvName="VIODriver" busInstanceName="VIO-USER-BUS" byteOffset="61" byteSize="1" segmentID="130" />
    <Segment drvName="VIODriver" busInstanceName="VIO-USER-BUS" byteOffset="62" byteSize="1" segmentID="140" />
    <Segment drvName="VIODriver" busInstanceName="VIO-USER-BUS" byteOffset="63" byteSize="1" segmentID="150" />
    <Segment drvName="VIODriver" busInstanceName="VIO-USER-BUS" byteOffset="64" byteSize="1" segmentID="160" />
    <Segment drvName="VIODriver" busInstanceName="VIO-USER-BUS" byteOffset="65" byteSize="1" segmentID="170" />
    <Segment drvName="PNIODriver" busInstanceName="PNIO-CTRL" byteOffset="66" byteSize="1" segmentID="111" />
    <Segment drvName="VIODriver" busInstanceName="VIO-USER-BUS" byteOffset="66" byteSize="1" segmentID="121" />
    <Segment drvName="VIODriver" busInstanceName="VIO-USER-BUS" byteOffset="67" byteSize="1" segmentID="131" />
    <Segment drvName="VIODriver" busInstanceName="VIO-USER-BUS" byteOffset="68" byteSize="1" segmentID="141" />
    <Segment drvName="VIODriver" busInstanceName="VIO-USER-BUS" byteOffset="69" byteSize="1" segmentID="151" />
    <Segment drvName="VIODriver" busInstanceName="VIO-USER-BUS" byteOffset="70" byteSize="1" segmentID="161" />
    <Segment drvName="VIODriver" busInstanceName="VIO-USER-BUS" byteOffset="71" byteSize="1" segmentID="171" />
  </ProcessData>
</Application>