<?xml version="1.0"?>
<SafetyConfigData xmlns:xsi="http://www.w3.org/2001/XMLSchema-instance" xmlns:xsd="http://www.w3.org/2001/XMLSchema">
  <AxisRangeNameItems />
  <ChangeLog>
    <Entries>
      <ProtocolEntry>
        <MessageKey>ChangeLog_HardwareParameterChanged</MessageKey>
        <MessageParams />
        <Timestamp>2019-04-05T09:56:36.2707115+02:00</Timestamp>
      </ProtocolEntry>
      <ProtocolEntry>
        <MessageKey>ChangeLog_ConfigurationSaved</MessageKey>
        <MessageParams />
        <Timestamp>2019-04-05T09:56:36.2863381+02:00</Timestamp>
      </ProtocolEntry>
      <ProtocolEntry>
        <MessageKey>ChangeLog_HardwareParameterChanged</MessageKey>
        <MessageParams />
        <Timestamp>2019-04-05T09:56:43.5450027+02:00</Timestamp>
      </ProtocolEntry>
      <ProtocolEntry>
        <MessageKey>ChangeLog_ReferenceAdjustmentParameterChanged</MessageKey>
        <MessageParams />
        <Timestamp>2019-04-05T09:56:43.5810989+02:00</Timestamp>
      </ProtocolEntry>
      <ProtocolEntry>
        <MessageKey>ChangeLog_AxisMonitoringParameterChanged</MessageKey>
        <MessageParams />
        <Timestamp>2019-04-05T09:56:43.5810989+02:00</Timestamp>
      </ProtocolEntry>
      <ProtocolEntry>
        <MessageKey>ChangeLog_MachineDataUpdated</MessageKey>
        <MessageParams />
        <Timestamp>2019-04-05T09:56:43.826754+02:00</Timestamp>
      </ProtocolEntry>
      <ProtocolEntry>
        <MessageKey>ChangeLog_ConfigurationSaved</MessageKey>
        <MessageParams />
        <Timestamp>2019-04-05T09:56:43.8355376+02:00</Timestamp>
      </ProtocolEntry>
      <ProtocolEntry>
        <MessageKey>ChangeLog_HardwareParameterChanged</MessageKey>
        <MessageParams />
        <Timestamp>2020-07-22T17:17:55.5502549+02:00</Timestamp>
      </ProtocolEntry>
      <ProtocolEntry>
        <MessageKey>ChangeLog_ReferenceAdjustmentParameterChanged</MessageKey>
        <MessageParams />
        <Timestamp>2020-07-22T17:17:55.6038922+02:00</Timestamp>
      </ProtocolEntry>
      <ProtocolEntry>
        <MessageKey>ChangeLog_AxisMonitoringParameterChanged</MessageKey>
        <MessageParams />
        <Timestamp>2020-07-22T17:17:55.6038922+02:00</Timestamp>
      </ProtocolEntry>
      <ProtocolEntry>
        <MessageKey>ChangeLog_MachineDataUpdated</MessageKey>
        <MessageParams />
        <Timestamp>2020-07-22T17:17:55.6497696+02:00</Timestamp>
      </ProtocolEntry>
      <ProtocolEntry>
        <MessageKey>ChangeLog_ConfigurationSaved</MessageKey>
        <MessageParams />
        <Timestamp>2020-07-22T17:17:55.6587459+02:00</Timestamp>
      </ProtocolEntry>
    </Entries>
  </ChangeLog>
  <OverwriteEntries>
    <Overwrites />
  </OverwriteEntries>
  <DevDescrRevision>589825</DevDescrRevision>
  <LastModified>2020-07-22T17:17:55.6936522+02:00</LastModified>
  <MachineDataLastModified>2020-07-22T17:17:55.6497696+02:00</MachineDataLastModified>
  <ProjectName>-</ProjectName>
  <ToolNameItems />
  <Version>3</Version>
  <WorksheetCrc>2466785094</WorksheetCrc>
  <MonitoringSpaceNameItems />
  <WorkspaceNameItems />
</SafetyConfigData>