<?xml version="1.0" standalone="yes"?>
<KukaLoadProjectDataSet xmlns="http://tempuri.org/KukaLoadProjectDataSet.xsd">
  <xs:schema id="KukaLoadProjectDataSet" targetNamespace="http://tempuri.org/KukaLoadProjectDataSet.xsd" xmlns:mstns="http://tempuri.org/KukaLoadProjectDataSet.xsd" xmlns="http://tempuri.org/KukaLoadProjectDataSet.xsd" xmlns:xs="http://www.w3.org/2001/XMLSchema" xmlns:msdata="urn:schemas-microsoft-com:xml-msdata" xmlns:msprop="urn:schemas-microsoft-com:xml-msprop" attributeFormDefault="qualified" elementFormDefault="qualified">
    <xs:element name="KukaLoadProjectDataSet" msdata:IsDataSet="true" msdata:UseCurrentLocale="true" msprop:AssemblyFileVersion="Kuka.Load 5@4.1.0.12" msprop:CreationFileVersion="Kuka.Load 5.0.3@4.1.0.7">
      <xs:complexType>
        <xs:choice minOccurs="0" maxOccurs="unbounded">
          <xs:element name="Factory">
            <xs:complexType>
              <xs:sequence>
                <xs:element name="ID" msdata:ReadOnly="true" msdata:AutoIncrement="true" type="xs:int" />
                <xs:element name="project">
                  <xs:simpleType>
                    <xs:restriction base="xs:string">
                      <xs:maxLength value="200" />
                    </xs:restriction>
                  </xs:simpleType>
                </xs:element>
                <xs:element name="factory">
                  <xs:simpleType>
                    <xs:restriction base="xs:string">
                      <xs:maxLength value="200" />
                    </xs:restriction>
                  </xs:simpleType>
                </xs:element>
                <xs:element name="Information" minOccurs="0">
                  <xs:simpleType>
                    <xs:restriction base="xs:string">
                      <xs:maxLength value="2147483647" />
                    </xs:restriction>
                  </xs:simpleType>
                </xs:element>
                <xs:element name="customer">
                  <xs:simpleType>
                    <xs:restriction base="xs:string">
                      <xs:maxLength value="100" />
                    </xs:restriction>
                  </xs:simpleType>
                </xs:element>
              </xs:sequence>
            </xs:complexType>
          </xs:element>
          <xs:element name="Station">
            <xs:complexType>
              <xs:sequence>
                <xs:element name="ID" msdata:ReadOnly="true" msdata:AutoIncrement="true" type="xs:int" />
                <xs:element name="name">
                  <xs:simpleType>
                    <xs:restriction base="xs:string">
                      <xs:maxLength value="100" />
                    </xs:restriction>
                  </xs:simpleType>
                </xs:element>
                <xs:element name="FactoryID" type="xs:int" />
                <xs:element name="description" minOccurs="0">
                  <xs:simpleType>
                    <xs:restriction base="xs:string">
                      <xs:maxLength value="200" />
                    </xs:restriction>
                  </xs:simpleType>
                </xs:element>
              </xs:sequence>
            </xs:complexType>
          </xs:element>
          <xs:element name="Robot">
            <xs:complexType>
              <xs:sequence>
                <xs:element name="ID" msdata:ReadOnly="true" msdata:AutoIncrement="true" type="xs:int" />
                <xs:element name="robottype">
                  <xs:simpleType>
                    <xs:restriction base="xs:string">
                      <xs:maxLength value="50" />
                    </xs:restriction>
                  </xs:simpleType>
                </xs:element>
                <xs:element name="RobotID" type="xs:int" />
                <xs:element name="StationID" type="xs:int" />
                <xs:element name="serialnumber">
                  <xs:simpleType>
                    <xs:restriction base="xs:string">
                      <xs:maxLength value="50" />
                    </xs:restriction>
                  </xs:simpleType>
                </xs:element>
                <xs:element name="comment" minOccurs="0">
                  <xs:simpleType>
                    <xs:restriction base="xs:string">
                      <xs:maxLength value="2147483647" />
                    </xs:restriction>
                  </xs:simpleType>
                </xs:element>
                <xs:element name="application">
                  <xs:simpleType>
                    <xs:restriction base="xs:string">
                      <xs:maxLength value="100" />
                    </xs:restriction>
                  </xs:simpleType>
                </xs:element>
                <xs:element name="krcRelease" minOccurs="0">
                  <xs:simpleType>
                    <xs:restriction base="xs:string">
                      <xs:maxLength value="50" />
                    </xs:restriction>
                  </xs:simpleType>
                </xs:element>
                <xs:element name="ControlTechnologyID" type="xs:int" minOccurs="0" />
                <xs:element name="VoltageNetworkID" type="xs:int" minOccurs="0" />
              </xs:sequence>
            </xs:complexType>
          </xs:element>
          <xs:element name="LoadingCase">
            <xs:complexType>
              <xs:sequence>
                <xs:element name="ID" msdata:ReadOnly="true" msdata:AutoIncrement="true" type="xs:int" />
                <xs:element name="description" minOccurs="0">
                  <xs:simpleType>
                    <xs:restriction base="xs:string">
                      <xs:maxLength value="100" />
                    </xs:restriction>
                  </xs:simpleType>
                </xs:element>
                <xs:element name="RobotID" type="xs:int" />
                <xs:element name="loadID">
                  <xs:simpleType>
                    <xs:restriction base="xs:string">
                      <xs:maxLength value="100" />
                    </xs:restriction>
                  </xs:simpleType>
                </xs:element>
                <xs:element name="tool">
                  <xs:simpleType>
                    <xs:restriction base="xs:string">
                      <xs:maxLength value="50" />
                    </xs:restriction>
                  </xs:simpleType>
                </xs:element>
                <xs:element name="date" type="xs:dateTime" />
                <xs:element name="engineer">
                  <xs:simpleType>
                    <xs:restriction base="xs:string">
                      <xs:maxLength value="50" />
                    </xs:restriction>
                  </xs:simpleType>
                </xs:element>
                <xs:element name="m" type="xs:decimal" />
                <xs:element name="cx" type="xs:decimal" />
                <xs:element name="cy" type="xs:decimal" />
                <xs:element name="cz" type="xs:decimal" />
                <xs:element name="Ix" type="xs:decimal" />
                <xs:element name="Iy" type="xs:decimal" />
                <xs:element name="Iz" type="xs:decimal" />
                <xs:element name="A" type="xs:decimal" />
                <xs:element name="B" type="xs:decimal" />
                <xs:element name="C" type="xs:decimal" />
                <xs:element name="mA1" type="xs:decimal" />
                <xs:element name="cxA1" type="xs:int" />
                <xs:element name="cyA1" type="xs:int" />
                <xs:element name="czA1" type="xs:int" />
                <xs:element name="IxA1" type="xs:decimal" />
                <xs:element name="IyA1" type="xs:decimal" />
                <xs:element name="IzA1" type="xs:decimal" />
                <xs:element name="mA2" type="xs:decimal" />
                <xs:element name="cxA2" type="xs:int" />
                <xs:element name="cyA2" type="xs:int" />
                <xs:element name="czA2" type="xs:int" />
                <xs:element name="IxA2" type="xs:decimal" />
                <xs:element name="IyA2" type="xs:decimal" />
                <xs:element name="IzA2" type="xs:decimal" />
                <xs:element name="mA3" type="xs:decimal" />
                <xs:element name="cxA3" type="xs:int" />
                <xs:element name="cyA3" type="xs:int" />
                <xs:element name="czA3" type="xs:int" />
                <xs:element name="IxA3" type="xs:decimal" />
                <xs:element name="IyA3" type="xs:decimal" />
                <xs:element name="IzA3" type="xs:decimal" />
                <xs:element name="DeterminationID" type="xs:int" />
                <xs:element name="calibration_with_tool" type="xs:int" />
                <xs:element name="determinationInfo" minOccurs="0">
                  <xs:simpleType>
                    <xs:restriction base="xs:string">
                      <xs:maxLength value="30" />
                    </xs:restriction>
                  </xs:simpleType>
                </xs:element>
                <xs:element name="valuation">
                  <xs:simpleType>
                    <xs:restriction base="xs:string">
                      <xs:maxLength value="200" />
                    </xs:restriction>
                  </xs:simpleType>
                </xs:element>
                <xs:element name="toolNr" type="xs:int" minOccurs="0" />
                <xs:element name="payLoadData" minOccurs="0">
                  <xs:simpleType>
                    <xs:restriction base="xs:string">
                      <xs:maxLength value="2147483647" />
                    </xs:restriction>
                  </xs:simpleType>
                </xs:element>
                <xs:element name="dynamicData" minOccurs="0">
                  <xs:simpleType>
                    <xs:restriction base="xs:string">
                      <xs:maxLength value="2147483647" />
                    </xs:restriction>
                  </xs:simpleType>
                </xs:element>
                <xs:element name="staticData" minOccurs="0">
                  <xs:simpleType>
                    <xs:restriction base="xs:string">
                      <xs:maxLength value="2147483647" />
                    </xs:restriction>
                  </xs:simpleType>
                </xs:element>
              </xs:sequence>
            </xs:complexType>
          </xs:element>
          <xs:element name="Determination">
            <xs:complexType>
              <xs:sequence>
                <xs:element name="ID" type="xs:int" />
                <xs:element name="determination">
                  <xs:simpleType>
                    <xs:restriction base="xs:string">
                      <xs:maxLength value="50" />
                    </xs:restriction>
                  </xs:simpleType>
                </xs:element>
              </xs:sequence>
            </xs:complexType>
          </xs:element>
          <xs:element name="ControlTechnology">
            <xs:complexType>
              <xs:sequence>
                <xs:element name="ID" type="xs:int" />
                <xs:element name="name">
                  <xs:simpleType>
                    <xs:restriction base="xs:string">
                      <xs:maxLength value="50" />
                    </xs:restriction>
                  </xs:simpleType>
                </xs:element>
                <xs:element name="description" minOccurs="0">
                  <xs:simpleType>
                    <xs:restriction base="xs:string">
                      <xs:maxLength value="50" />
                    </xs:restriction>
                  </xs:simpleType>
                </xs:element>
                <xs:element name="voltageNetworkSum" type="xs:int" minOccurs="0" />
              </xs:sequence>
            </xs:complexType>
          </xs:element>
          <xs:element name="VoltageNetwork">
            <xs:complexType>
              <xs:sequence>
                <xs:element name="ID" type="xs:int" />
                <xs:element name="voltage">
                  <xs:simpleType>
                    <xs:restriction base="xs:string">
                      <xs:maxLength value="50" />
                    </xs:restriction>
                  </xs:simpleType>
                </xs:element>
              </xs:sequence>
            </xs:complexType>
          </xs:element>
        </xs:choice>
      </xs:complexType>
      <xs:unique name="Constraint1" msdata:PrimaryKey="true">
        <xs:selector xpath=".//mstns:Factory" />
        <xs:field xpath="mstns:ID" />
      </xs:unique>
      <xs:unique name="Station_Constraint1" msdata:ConstraintName="Constraint1" msdata:PrimaryKey="true">
        <xs:selector xpath=".//mstns:Station" />
        <xs:field xpath="mstns:ID" />
      </xs:unique>
      <xs:unique name="Robot_Constraint1" msdata:ConstraintName="Constraint1" msdata:PrimaryKey="true">
        <xs:selector xpath=".//mstns:Robot" />
        <xs:field xpath="mstns:ID" />
      </xs:unique>
      <xs:unique name="LoadingCase_Constraint1" msdata:ConstraintName="Constraint1" msdata:PrimaryKey="true">
        <xs:selector xpath=".//mstns:LoadingCase" />
        <xs:field xpath="mstns:ID" />
      </xs:unique>
      <xs:unique name="Determination_Constraint1" msdata:ConstraintName="Constraint1" msdata:PrimaryKey="true">
        <xs:selector xpath=".//mstns:Determination" />
        <xs:field xpath="mstns:ID" />
      </xs:unique>
      <xs:unique name="ControlTechnology_Constraint1" msdata:ConstraintName="Constraint1" msdata:PrimaryKey="true">
        <xs:selector xpath=".//mstns:ControlTechnology" />
        <xs:field xpath="mstns:ID" />
      </xs:unique>
      <xs:unique name="VoltageNetwork_Constraint1" msdata:ConstraintName="Constraint1" msdata:PrimaryKey="true">
        <xs:selector xpath=".//mstns:VoltageNetwork" />
        <xs:field xpath="mstns:ID" />
      </xs:unique>
    </xs:element>
    <xs:annotation>
      <xs:appinfo>
        <msdata:Relationship name="FK_Factory_Station" msdata:parent="Factory" msdata:child="Station" msdata:parentkey="ID" msdata:childkey="FactoryID" />
        <msdata:Relationship name="FK_Station_Robot" msdata:parent="Station" msdata:child="Robot" msdata:parentkey="ID" msdata:childkey="StationID" />
        <msdata:Relationship name="FK_Robot_LoadingCase" msdata:parent="Robot" msdata:child="LoadingCase" msdata:parentkey="ID" msdata:childkey="RobotID" />
        <msdata:Relationship name="FK_Determination_LoadingCase" msdata:parent="Determination" msdata:child="LoadingCase" msdata:parentkey="ID" msdata:childkey="DeterminationID" />
      </xs:appinfo>
    </xs:annotation>
  </xs:schema>
  <Factory>
    <ID>1</ID>
    <project>P 01</project>
    <factory />
    <customer />
  </Factory>
  <Station>
    <ID>1</ID>
    <name>Station 1</name>
    <FactoryID>1</FactoryID>
  </Station>
  <Robot>
    <ID>1</ID>
    <robottype>KR 240 R2900 ultra</robottype>
    <RobotID>114</RobotID>
    <StationID>1</StationID>
    <serialnumber>1239823</serialnumber>
    <comment />
    <application />
    <krcRelease>VKR C@V8.3.21@#456</krcRelease>
    <ControlTechnologyID>2</ControlTechnologyID>
    <VoltageNetworkID>2</VoltageNetworkID>
  </Robot>
  <LoadingCase>
    <ID>1</ID>
    <description />
    <RobotID>1</RobotID>
    <loadID>20200928_084433_566</loadID>
    <tool />
    <date>2020-09-28T08:44:33.565581+02:00</date>
    <engineer />
    <m>88.5320587158203</m>
    <cx>269.883483886719</cx>
    <cy>3.80501794815064</cy>
    <cz>369.533996582031</cz>
    <Ix>6</Ix>
    <Iy>6</Iy>
    <Iz>6</Iz>
    <A>-0.10829</A>
    <B>7.937255</B>
    <C>179.731918</C>
    <mA1>0</mA1>
    <cxA1>0</cxA1>
    <cyA1>0</cyA1>
    <czA1>0</czA1>
    <IxA1>0</IxA1>
    <IyA1>0</IyA1>
    <IzA1>0</IzA1>
    <mA2>0</mA2>
    <cxA2>0</cxA2>
    <cyA2>0</cyA2>
    <czA2>0</czA2>
    <IxA2>0</IxA2>
    <IyA2>0</IyA2>
    <IzA2>0</IzA2>
    <mA3>10</mA3>
    <cxA3>-220</cxA3>
    <cyA3>0</cyA3>
    <czA3>-876</czA3>
    <IxA3>0.300000011920929</IxA3>
    <IyA3>0.300000011920929</IyA3>
    <IzA3>0.300000011920929</IzA3>
    <DeterminationID>3</DeterminationID>
    <calibration_with_tool>128</calibration_with_tool>
    <determinationInfo>V6.2.8#28</determinationInfo>
    <valuation>Freigabe des Robotertyps</valuation>
    <toolNr>1</toolNr>
  </LoadingCase>
  <LoadingCase>
    <ID>2</ID>
    <description />
    <RobotID>1</RobotID>
    <loadID>20200928_084921_833</loadID>
    <tool>Zange</tool>
    <date>2020-09-28T08:49:21.833431+02:00</date>
    <engineer />
    <m>88.3435897827148</m>
    <cx>270.540893554688</cx>
    <cy>4.0440821647644</cy>
    <cz>372.384002685547</cz>
    <Ix>6</Ix>
    <Iy>6</Iy>
    <Iz>6</Iz>
    <A>-0.114399</A>
    <B>7.916469</B>
    <C>179.71785</C>
    <mA1>0</mA1>
    <cxA1>0</cxA1>
    <cyA1>0</cyA1>
    <czA1>0</czA1>
    <IxA1>0</IxA1>
    <IyA1>0</IyA1>
    <IzA1>0</IzA1>
    <mA2>0</mA2>
    <cxA2>0</cxA2>
    <cyA2>0</cyA2>
    <czA2>0</czA2>
    <IxA2>0</IxA2>
    <IyA2>0</IyA2>
    <IzA2>0</IzA2>
    <mA3>10</mA3>
    <cxA3>-220</cxA3>
    <cyA3>0</cyA3>
    <czA3>-876</czA3>
    <IxA3>0.300000011920929</IxA3>
    <IyA3>0.300000011920929</IyA3>
    <IzA3>0.300000011920929</IzA3>
    <DeterminationID>3</DeterminationID>
    <calibration_with_tool>128</calibration_with_tool>
    <determinationInfo>V6.2.8#28</determinationInfo>
    <valuation>Freigabe des Robotertyps</valuation>
    <toolNr>1</toolNr>
  </LoadingCase>
  <Determination>
    <ID>1</ID>
    <determination>CAD</determination>
  </Determination>
  <Determination>
    <ID>2</ID>
    <determination>Manuell</determination>
  </Determination>
  <Determination>
    <ID>3</ID>
    <determination>Lastdatenermittlung</determination>
  </Determination>
  <ControlTechnology>
    <ID>1</ID>
    <name>KR C2</name>
    <voltageNetworkSum>10</voltageNetworkSum>
  </ControlTechnology>
  <ControlTechnology>
    <ID>2</ID>
    <name>KR C4</name>
    <voltageNetworkSum>15</voltageNetworkSum>
  </ControlTechnology>
  <ControlTechnology>
    <ID>4</ID>
    <name>KR C4 compact</name>
    <voltageNetworkSum>16</voltageNetworkSum>
  </ControlTechnology>
  <ControlTechnology>
    <ID>8</ID>
    <name>KR C4 smallsize-2</name>
    <voltageNetworkSum>15</voltageNetworkSum>
  </ControlTechnology>
  <VoltageNetwork>
    <ID>1</ID>
    <voltage>380</voltage>
  </VoltageNetwork>
  <VoltageNetwork>
    <ID>2</ID>
    <voltage>400</voltage>
  </VoltageNetwork>
  <VoltageNetwork>
    <ID>4</ID>
    <voltage>440</voltage>
  </VoltageNetwork>
  <VoltageNetwork>
    <ID>8</ID>
    <voltage>480</voltage>
  </VoltageNetwork>
  <VoltageNetwork>
    <ID>16</ID>
    <voltage>230</voltage>
  </VoltageNetwork>
</KukaLoadProjectDataSet>