﻿<?xml version="1.0" encoding="utf-8"?>
<ServoFile xmlns:xsi="http://www.w3.org/2001/XMLSchema-instance" xsi:noNamespaceSchemaLocation="/Roboter/Config/System/Common/Schemes/Servofile.xsd">
  <Version Label="">
    <Info Version="Any" />
    <Schema Version="1" />
    <!--#############################################################-->
    <!--########                                             ########-->
    <!--########                  SERVO-FILE                 ########-->
    <!--########             KUKA DEUTSCHLAND GMBH           ########-->
    <!--########                                             ########-->
    <!--#############################################################-->
    <!--ATB 1.46.0, DB V7.455, ID 41-->
    <!--Datum: 17-Dec-2018 07:54:11-->
    <!--Motor:     K2-->
    <!--Umrichter: KSP40-->
    <!--xmlFileID_K2_KSP40_20181217075411_589-->
  </Version>
  <!--Fehlerquittierung-->
  <Parameter Index="0x28" Relative="true" SubIndex="0" Type="INT16" Value="1" />
  <Parameter Index="0x28" Relative="true" SubIndex="0" Type="INT16" Value="0" />
  <Parameter Index="0x200B" Relative="false" SubIndex="0" Type="UINT16" Value="0" />
  <Parameter Index="3" Relative="true" SubIndex="1" Type="UINT16" Value="0" />
  <Parameter Index="6" Relative="true" SubIndex="3" Type="INT16" Value="6553" />
  <Parameter Index="8" Relative="true" SubIndex="1" Type="INT16" Value="-4637" />
  <Parameter Index="8" Relative="true" SubIndex="2" Type="UINT16" Value="25142" />
  <Parameter Index="8" Relative="true" SubIndex="3" Type="UINT16" Value="3143" />
  <Parameter Index="8" Relative="true" SubIndex="4" Type="INT16" Value="27852" />
  <Parameter Index="8" Relative="true" SubIndex="5" Type="INT16" Value="1966" />
  <Parameter Index="9" Relative="true" SubIndex="1" Type="UINT16" Value="4242" />
  <Parameter Index="9" Relative="true" SubIndex="2" Type="UINT16" Value="1147" />
  <Parameter Index="9" Relative="true" SubIndex="3" Type="UINT16" Value="4242" />
  <Parameter Index="9" Relative="true" SubIndex="4" Type="UINT16" Value="1147" />
  <Parameter Index="9" Relative="true" SubIndex="5" Type="UINT16" Value="43" />
  <Parameter Index="9" Relative="true" SubIndex="6" Type="INT16" Value="987" />
  <Parameter Index="10" Relative="true" SubIndex="1" Type="INT16" Value="0" />
  <Parameter Index="10" Relative="true" SubIndex="2" Type="INT16" Value="258" />
  <Parameter Index="10" Relative="true" SubIndex="3" Type="INT16" Value="516" />
  <Parameter Index="10" Relative="true" SubIndex="4" Type="INT16" Value="1724" />
  <Parameter Index="10" Relative="true" SubIndex="5" Type="INT16" Value="2931" />
  <Parameter Index="10" Relative="true" SubIndex="6" Type="INT16" Value="4138" />
  <Parameter Index="10" Relative="true" SubIndex="7" Type="INT16" Value="5346" />
  <Parameter Index="10" Relative="true" SubIndex="8" Type="INT16" Value="6553" />
  <Parameter Index="11" Relative="true" SubIndex="1" Type="UINT16" Value="32031" />
  <Parameter Index="11" Relative="true" SubIndex="2" Type="UINT16" Value="35998" />
  <Parameter Index="11" Relative="true" SubIndex="3" Type="UINT16" Value="37676" />
  <Parameter Index="11" Relative="true" SubIndex="4" Type="UINT16" Value="35643" />
  <Parameter Index="11" Relative="true" SubIndex="5" Type="UINT16" Value="33259" />
  <Parameter Index="11" Relative="true" SubIndex="6" Type="UINT16" Value="31631" />
  <Parameter Index="11" Relative="true" SubIndex="7" Type="UINT16" Value="30411" />
  <Parameter Index="11" Relative="true" SubIndex="8" Type="UINT16" Value="29248" />
  <Parameter Index="12" Relative="true" SubIndex="1" Type="INT16" Value="1259" />
  <Parameter Index="12" Relative="true" SubIndex="2" Type="INT16" Value="533" />
  <Parameter Index="12" Relative="true" SubIndex="3" Type="INT16" Value="-138" />
  <Parameter Index="12" Relative="true" SubIndex="4" Type="INT16" Value="-162" />
  <Parameter Index="12" Relative="true" SubIndex="5" Type="INT16" Value="-110" />
  <Parameter Index="12" Relative="true" SubIndex="6" Type="INT16" Value="-83" />
  <Parameter Index="12" Relative="true" SubIndex="7" Type="INT16" Value="-79" />
  <Parameter Index="12" Relative="true" SubIndex="8" Type="INT16" Value="0" />
  <Parameter Index="29" Relative="true" SubIndex="0" Type="INT16" Value="-6001" />
  <Parameter Index="0x40" Relative="true" SubIndex="1" Type="UINT16" Value="3" />
  <Parameter Index="0x40" Relative="true" SubIndex="2" Type="UINT16" Value="1000" />
  <Parameter Index="0x40" Relative="true" SubIndex="3" Type="INT16" Value="25" />
</ServoFile>
<!--checksum 568-->