<?xml version="1.0" encoding="UTF-8"?>
<RobRuntimeLog xsi:noNamespaceSchemaLocation="/Roboter/Config/System/Common/Schemes/RobRuntimeLog.xsd" xmlns:xsi="http://www.w3.org/2001/XMLSchema-instance">
   <RobRuntime Date="2021-05-25 09:12" SerialNo="1239827" Runtime="1292" />
   <RobRuntime Date="2021-05-25 11:27" SerialNo="1239827" Runtime="1293" />
   <RobRuntime Date="2021-05-25 14:18" SerialNo="1239827" Runtime="1294" />
   <RobRuntime Date="2021-05-25 16:51" SerialNo="1239827" Runtime="1295" />
   <RobRuntime Date="2021-05-25 19:49" SerialNo="1239827" Runtime="1296" />
   <RobRuntime Date="2021-05-25 22:14" SerialNo="1239827" Runtime="1297" />
   <RobRuntime Date="2021-05-26 00:06" SerialNo="1239827" Runtime="1298" />
   <RobRuntime Date="2021-05-26 01:49" SerialNo="1239827" Runtime="1299" />
   <RobRuntime Date="2021-05-26 04:00" SerialNo="1239827" Runtime="1300" />
   <RobRuntime Date="2021-05-26 07:06" SerialNo="1239827" Runtime="1301" />
</RobRuntimeLog>