<?xml version="1.0" encoding="utf-8"?>
<Axis xmlns:xsi="http://www.w3.org/2001/XMLSchema-instance" xsi:noNamespaceSchemaLocation="/Roboter/Config/System/Common/Schemes/NGAxis.xsd">
   <Version Label="">
      <Info Version="VW V8.3"/>
      <Schema Version="100"/>
   </Version>
   <Machine Name="#KR210R2700 EXTRA C4 FLR"/>
   <AxisData MessageDisable="0" Mode="StandAlone" Simulation="Off" SingleMotorCoupling="Off" Type="Rotator"/>
   <ToolMotor AdditionalFunctionFile="Mada/NGAxis/CtrlA1AddFct.xml" ExtTorqueOfInertia="0.00453996" MaximalEnergy="6735" MotorFile="Motor/M_G1_KSP40_400V_V1.xml" ParameterFile="Mada/NGAxis/CtrlA1.xml" RampStopTime="988" RampUpTimeUnderLoad="1300" ServoFile="Servofile/S_G1_KSP40_400V_V1.xml">
      <Monitoring PositionLag="438" PositionLagSoft="1752" Speed="6120" SpeedLag="0"/>
      <Limit Current="0" Speed="0"/>
   </ToolMotor>
   <Inversion Position="false" Torque="false" Velocity="false"/>
   <Delay ActValue="2" CmdValue="24"/>
   <Mastering ChannelName="EMD-Data" Type="EMD"/>
</Axis>