﻿<?xml version="1.0" encoding="utf-8"?>
<Motor xsi:noNamespaceSchemaLocation="/Roboter/Config/System/Common/Schemes/Motor.xsd" xmlns:xsi="http://www.w3.org/2001/XMLSchema-instance">
  <!--	Defaultmotor fuer simulierte Antriebe -->
  <Version Label="">
    <Info Version="Any" />
    <Schema Version="2" />
  </Version>
  <MotorData ID="DefaultMotor" Vendor="KUKA" MaximalCurrent="256" HoldingCurrent="256" NominalCurrent="100" RampUpTime="10" KT-Factor="1.0" KT0-Factor="1.0" BackEMF="78" MaximalTemperature="418" TorqueOfInertia="0.00235" WindingInductance="0.0063" WindingResistance="0.4" PolePairNumber="4"></MotorData>
  <SpeedTorqueData>
    <SpeedTorque Speed="0" Torque="200.0" />
    <SpeedTorque Speed="1000" Torque="200.0" />
    <SpeedTorque Speed="10000" Torque="200.0" />
    <SpeedTorque Speed="20000" Torque="200.0" />
    <OperatingPoint Speed="10000" Torque="200.0" />
    <HoldingTorque Speed="0" Torque="100" />
  </SpeedTorqueData>
  <BrakeData Available="true" OpenTime="150" CloseTime="30" CoolOffCoeff="11.0" MaximalEnergy="1000" HoldingTorque="100" Torque="100" />
  <EncoderData Available="true" RatioMotorEncoder="[4/1]" Offset="0" />
</Motor>