﻿<?xml version="1.0" encoding="utf-8"?>
<!--KUKA Roboter (C) 2010-->
<!--Erstellt am 04.04.2011 09:11-->
<LdeDataSet>
  <KUKA_Motorbestueckung>
    <MotorbestueckungID>107</MotorbestueckungID>
    <Beispiel_Roboter>#KR300R2500 ULTRA C4 FLR</Beispiel_Roboter>
    <Datum>2010-10-11T00:00:00+02:00</Datum>
  </KUKA_Motorbestueckung>
  <KUKA_Motoren>
    <MotorID>171</MotorID>
    <ArtikelNr>D01</ArtikelNr>
    <Bezeichnung>1FK7063-5AF7</Bezeichnung>
    <a0>0</a0>
    <a1>1.3408</a1>
    <a2>0</a2>
    <a3>-0.00019967</a3>
    <Datum>2010-04-26T00:00:00+02:00</Datum>
    <ServofileID>88</ServofileID>
    <Motortyp>D01</Motortyp>
    <Lieferant>Siemens</Lieferant>
    <Farbcodierung>KR C4</Farbcodierung>
    <ZeichnNr>TO DO</ZeichnNr>
  </KUKA_Motoren>
  <KUKA_Motoren>
    <MotorID>172</MotorID>
    <ArtikelNr>I2</ArtikelNr>
    <Bezeichnung>1FK7101-5AD7</Bezeichnung>
    <a0>0</a0>
    <a1>1.8965</a1>
    <a2>0</a2>
    <a3>-0.00013298</a3>
    <Datum>2010-04-26T00:00:00+02:00</Datum>
    <ServofileID>88</ServofileID>
    <Motortyp>I2</Motortyp>
    <Lieferant>Siemens</Lieferant>
    <Farbcodierung>KR C4</Farbcodierung>
    <ZeichnNr>TO DO</ZeichnNr>
  </KUKA_Motoren>
  <KUKA_Motoren>
    <MotorID>181</MotorID>
    <ArtikelNr>K2</ArtikelNr>
    <Bezeichnung>1FK7103 S81</Bezeichnung>
    <a0>0</a0>
    <a1>1.90631</a1>
    <a2>0</a2>
    <a3>-7.149E-05</a3>
    <Datum>2010-10-11T00:00:00+02:00</Datum>
    <ServofileID>88</ServofileID>
    <Motortyp>K2</Motortyp>
    <Lieferant>Siemens</Lieferant>
    <Farbcodierung>KR C4</Farbcodierung>
    <ZeichnNr>TO DO</ZeichnNr>
  </KUKA_Motoren>
  <KUKA_Motoren_Lieferant>
    <Lieferant>Siemens</Lieferant>
  </KUKA_Motoren_Lieferant>
  <KUKA_Motorisierung>
    <MotorbestueckungID>107</MotorbestueckungID>
    <Achsnummer>1</Achsnummer>
    <MotorID>172</MotorID>
    <ServofileID>88</ServofileID>
    <Datum>2010-10-11T00:00:00+02:00</Datum>
  </KUKA_Motorisierung>
  <KUKA_Motorisierung>
    <MotorbestueckungID>107</MotorbestueckungID>
    <Achsnummer>2</Achsnummer>
    <MotorID>181</MotorID>
    <ServofileID>88</ServofileID>
    <Datum>2010-10-11T00:00:00+02:00</Datum>
  </KUKA_Motorisierung>
  <KUKA_Motorisierung>
    <MotorbestueckungID>107</MotorbestueckungID>
    <Achsnummer>3</Achsnummer>
    <MotorID>181</MotorID>
    <ServofileID>88</ServofileID>
    <Datum>2010-10-11T00:00:00+02:00</Datum>
  </KUKA_Motorisierung>
  <KUKA_Motorisierung>
    <MotorbestueckungID>107</MotorbestueckungID>
    <Achsnummer>4</Achsnummer>
    <MotorID>171</MotorID>
    <ServofileID>88</ServofileID>
    <Datum>2010-10-11T00:00:00+02:00</Datum>
  </KUKA_Motorisierung>
  <KUKA_Motorisierung>
    <MotorbestueckungID>107</MotorbestueckungID>
    <Achsnummer>5</Achsnummer>
    <MotorID>171</MotorID>
    <ServofileID>88</ServofileID>
    <Datum>2010-10-11T00:00:00+02:00</Datum>
  </KUKA_Motorisierung>
  <KUKA_Motorisierung>
    <MotorbestueckungID>107</MotorbestueckungID>
    <Achsnummer>6</Achsnummer>
    <MotorID>171</MotorID>
    <ServofileID>88</ServofileID>
    <Datum>2010-10-11T00:00:00+02:00</Datum>
  </KUKA_Motorisierung>
  <KUKA_Servofiles>
    <ServofileID>88</ServofileID>
    <Motortyp>Dummy</Motortyp>
    <Servodatum>2010-02-23T00:00:00+01:00</Servodatum>
    <Servofilename>KRC4_Servo_Dummy</Servofilename>
    <Servoregler>Dummy</Servoregler>
    <Servomotorbezeichnung>Dummy</Servomotorbezeichnung>
    <Servolieferant>Dummy</Servolieferant>
    <Servoversionsstand>Dummy</Servoversionsstand>
    <PI_VP_Isq_Regler>1069</PI_VP_Isq_Regler>
    <PI_KI_Isq_Regler>1070</PI_KI_Isq_Regler>
    <PI_VP_Isd_Regler>1071</PI_VP_Isd_Regler>
    <PI_KI_Isd_Regler>1072</PI_KI_Isd_Regler>
    <PI_Back_EMF>1073</PI_Back_EMF>
    <PI_Reglervorsteuerung>1092</PI_Reglervorsteuerung>
    <PI_Schaltfrequenz>1018</PI_Schaltfrequenz>
    <PI_Signallaufzeit>1098</PI_Signallaufzeit>
    <PI_Bremse>2</PI_Bremse>
    <PI_Uebernahme_PI_2>499</PI_Uebernahme_PI_2>
    <PI_Phasenverschiebung>1097</PI_Phasenverschiebung>
    <PI_Polpaarverhaeltnis>1079</PI_Polpaarverhaeltnis>
    <Reglervorsteuerung>18</Reglervorsteuerung>
    <Schaltfrequenz>0</Schaltfrequenz>
  </KUKA_Servofiles>
  <KUKA_Zentralhaende>
    <HandID>451</HandID>
    <Gesamthand>false</Gesamthand>
    <Handbezeichnung>ZH Quantec KR210/300</Handbezeichnung>
    <Achsnummer>4</Achsnummer>
    <Masse>39.746</Masse>
    <c_x>0</c_x>
    <c_y>0.03150229</c_y>
    <c_z>-0.121679792</c_z>
    <I_x>0.908992571</I_x>
    <I_y>0.834609798</I_y>
    <I_z>0.385682773</I_z>
    <Datum>2010-04-28T00:00:00+02:00</Datum>
  </KUKA_Zentralhaende>
  <KUKA_Zentralhaende>
    <HandID>452</HandID>
    <Gesamthand>false</Gesamthand>
    <Handbezeichnung>ZH Quantec KR210/300</Handbezeichnung>
    <Achsnummer>5</Achsnummer>
    <Masse>28.51</Masse>
    <c_x>0</c_x>
    <c_y>0.046793686</c_y>
    <c_z>0.054138723</c_z>
    <I_x>0.48297646</I_x>
    <I_y>0.349788366</I_y>
    <I_z>0.359688094</I_z>
    <Datum>2010-04-28T00:00:00+02:00</Datum>
  </KUKA_Zentralhaende>
  <KUKA_Zentralhaende>
    <HandID>453</HandID>
    <Gesamthand>false</Gesamthand>
    <Handbezeichnung>ZH Quantec KR210/300</Handbezeichnung>
    <Achsnummer>6</Achsnummer>
    <Masse>10.622</Masse>
    <c_x>0</c_x>
    <c_y>0</c_y>
    <c_z>0.198800697</c_z>
    <I_x>0.049484328</I_x>
    <I_y>0.049484328</I_y>
    <I_z>0.0678</I_z>
    <Datum>2010-04-28T00:00:00+02:00</Datum>
  </KUKA_Zentralhaende>
  <KUKA_Zentralhaende>
    <HandID>454</HandID>
    <Gesamthand>true</Gesamthand>
    <Handbezeichnung>ZH Quantec KR210/300</Handbezeichnung>
    <Masse>78.878</Masse>
    <c_x>0</c_x>
    <c_y>0.032787064</c_y>
    <c_z>-0.014974125</c_z>
    <I_x>2.532685078</I_x>
    <I_y>2.308036796</I_y>
    <I_z>0.830248282</I_z>
    <Datum>2010-04-28T00:00:00+02:00</Datum>
  </KUKA_Zentralhaende>
  <KUKA_ZH>
    <Handbezeichnung>ZH Quantec KR210/300</Handbezeichnung>
    <ZH_Kuerzel>ZH Quantec KR300</ZH_Kuerzel>
    <Datum>2010-04-28T00:00:00+02:00</Datum>
  </KUKA_ZH>
  <LDE_Hilfsgroessen>
    <Bezeichnung>KR100P</Bezeichnung>
    <Tool_Type>false</Tool_Type>
    <Current_Limit>true</Current_Limit>
  </LDE_Hilfsgroessen>
  <LDE_Hilfsgroessen>
    <Bezeichnung>KR350</Bezeichnung>
    <Tool_Type>false</Tool_Type>
    <Current_Limit>true</Current_Limit>
  </LDE_Hilfsgroessen>
  <LDE_Hilfsgroessen>
    <Bezeichnung>KR360</Bezeichnung>
    <Tool_Type>false</Tool_Type>
    <Current_Limit>true</Current_Limit>
  </LDE_Hilfsgroessen>
  <LDE_Hilfsgroessen>
    <Bezeichnung>KR500</Bezeichnung>
    <Tool_Type>false</Tool_Type>
    <Current_Limit>true</Current_Limit>
  </LDE_Hilfsgroessen>
  <LDE_Hilfsgroessen>
    <Bezeichnung>Standard</Bezeichnung>
    <Tool_Type>false</Tool_Type>
    <Current_Limit>true</Current_Limit>
  </LDE_Hilfsgroessen>
  <LDE_Limit_Achsen>
    <Limit_AchsenID>6</Limit_AchsenID>
  </LDE_Limit_Achsen>
  <LDE_Limit_Achsen_Werte>
    <Limit_AchsenID>6</Limit_AchsenID>
    <Achsnummer>3</Achsnummer>
    <Wert>210</Wert>
  </LDE_Limit_Achsen_Werte>
  <LDE_Limit_Achsen_Werte>
    <Limit_AchsenID>6</Limit_AchsenID>
    <Achsnummer>4</Achsnummer>
    <Wert>125</Wert>
  </LDE_Limit_Achsen_Werte>
  <LDE_Limit_Achsen_Werte>
    <Limit_AchsenID>6</Limit_AchsenID>
    <Achsnummer>5</Achsnummer>
    <Wert>115</Wert>
  </LDE_Limit_Achsen_Werte>
  <LDE_Limit_Achsen_Werte>
    <Limit_AchsenID>6</Limit_AchsenID>
    <Achsnummer>6</Achsnummer>
    <Wert>95</Wert>
  </LDE_Limit_Achsen_Werte>
  <LDE_Neue_Parameter>
    <Neue_ParameterID>845</Neue_ParameterID>
    <Standard_ParameterID>654</Standard_ParameterID>
    <Satz_Nr>1</Satz_Nr>
    <Gueltigkeitsbereich>50</Gueltigkeitsbereich>
    <JA3>793.0361</JA3>
    <JA4>98.44704</JA4>
    <JA5>112.00761247656253</JA5>
    <JA6>39.734063943359367</JA6>
    <SkalA3>1.015625</SkalA3>
    <SkalA4>1</SkalA4>
    <SkalA5>1.0937500000000002</SkalA5>
    <SkalA6>1</SkalA6>
    <JA5_2>113.62161064257812</JA5_2>
    <Datum>2010-12-23T00:00:00+01:00</Datum>
  </LDE_Neue_Parameter>
  <LDE_Neue_Parameter>
    <Neue_ParameterID>846</Neue_ParameterID>
    <Standard_ParameterID>654</Standard_ParameterID>
    <Satz_Nr>2</Satz_Nr>
    <Gueltigkeitsbereich>50</Gueltigkeitsbereich>
    <JA3>793.0361</JA3>
    <JA4>98.44704</JA4>
    <JA5>111.12440530468754</JA5>
    <JA6>39.790059787109371</JA6>
    <SkalA3>1.015625</SkalA3>
    <SkalA4>1</SkalA4>
    <SkalA5>1.10078125</SkalA5>
    <SkalA6>1</SkalA6>
    <JA5_2>114.72880118945312</JA5_2>
    <Datum>2010-12-23T00:00:00+01:00</Datum>
  </LDE_Neue_Parameter>
  <LDE_Neue_Parameter>
    <Neue_ParameterID>847</Neue_ParameterID>
    <Standard_ParameterID>654</Standard_ParameterID>
    <Satz_Nr>3</Satz_Nr>
    <Gueltigkeitsbereich>50</Gueltigkeitsbereich>
    <JA3>793.0361</JA3>
    <JA4>98.44704</JA4>
    <JA5>109.83840624218749</JA5>
    <JA6>36.067968548828112</JA6>
    <SkalA3>1.0125</SkalA3>
    <SkalA4>1</SkalA4>
    <SkalA5>1.09765625</SkalA5>
    <SkalA6>1</SkalA6>
    <JA5_2>114.79517174414065</JA5_2>
    <Datum>2010-12-23T00:00:00+01:00</Datum>
  </LDE_Neue_Parameter>
  <LDE_Roboter_Verfuegbarkeit>
    <LDE_RoboterID>475</LDE_RoboterID>
    <Limit_AchsenID>6</Limit_AchsenID>
    <Version>6</Version>
    <Roboter_MotorbestueckungID>298</Roboter_MotorbestueckungID>
    <Standard_ParameterID>654</Standard_ParameterID>
    <Datum>2010-12-23T12:27:21+01:00</Datum>
  </LDE_Roboter_Verfuegbarkeit>
  <LDE_Standard_Parameter>
    <Standard_ParameterID>654</Standard_ParameterID>
    <JA3>793.0361</JA3>
    <JA4>98.44704</JA4>
    <JA5>118.6626752578125</JA5>
    <JA6>39.022634720703124</JA6>
    <SkalA3>1.0125</SkalA3>
    <SkalA4>1</SkalA4>
    <SkalA5>1.0898437500000002</SkalA5>
    <SkalA6>1</SkalA6>
    <JA5_2>113.70442250976561</JA5_2>
    <Datum>2010-12-23T00:00:00+01:00</Datum>
    <Optimierer>Auto-LDD</Optimierer>
  </LDE_Standard_Parameter>
  <LDE_Version>
    <Version>6</Version>
    <Datum>2009-06-02T00:00:00+02:00</Datum>
  </LDE_Version>
  <LDE_Wertetabelle>
    <Bezeichnung>KR100P</Bezeichnung>
    <Wert>25</Wert>
    <Version>6</Version>
  </LDE_Wertetabelle>
  <LDE_Wertetabelle>
    <Bezeichnung>KR350</Bezeichnung>
    <Wert>30</Wert>
    <Version>6</Version>
  </LDE_Wertetabelle>
  <LDE_Wertetabelle>
    <Bezeichnung>KR360</Bezeichnung>
    <Wert>10</Wert>
    <Version>6</Version>
  </LDE_Wertetabelle>
  <LDE_Wertetabelle>
    <Bezeichnung>KR500</Bezeichnung>
    <Wert>10</Wert>
    <Version>6</Version>
  </LDE_Wertetabelle>
  <LDE_Wertetabelle>
    <Bezeichnung>Standard</Bezeichnung>
    <Wert>25</Wert>
    <Version>6</Version>
  </LDE_Wertetabelle>
  <Roboter>
    <RoboterID>262</RoboterID>
    <Ident_Masse>true</Ident_Masse>
    <Robotertyp>#KR240R2900 ULTRA C4 FLR</Robotertyp>
    <Kukaload_Trafoname>KR 240 R2900 ultra</Kukaload_Trafoname>
    <Handbezeichnung>ZH Quantec KR210/300</Handbezeichnung>
    <dist_l31>-0.041</dist_l31>
    <dist_A3_hwp>-1.2</dist_A3_hwp>
    <dist_hwp_fl>0.24</dist_hwp_fl>
    <dist_hwp_fl_y>0</dist_hwp_fl_y>
    <AchsBereichID>0</AchsBereichID>
    <ToolType>100</ToolType>
    <Datum>2010-12-23T00:00:00+01:00</Datum>
  </Roboter>
  <Roboter_Aequivalenz>
    <Trafoname>#KR240R2900 ULTRA C4 FLR</Trafoname>
    <RoboterID>262</RoboterID>
    <Datum>2010-12-23T00:00:00+01:00</Datum>
  </Roboter_Aequivalenz>
  <Roboter_Ako>
    <AkoID>243</AkoID>
    <RoboterID>262</RoboterID>
    <ako_45>-0.011764705882352941</ako_45>
    <ako_46>0.0077279289175939065</ako_46>
    <ako_56>-0.00876848580028792</ako_56>
    <Datum>2010-12-23T00:00:00+01:00</Datum>
  </Roboter_Ako>
  <Roboter_Grundachsen>
    <GrundachsenID>1244</GrundachsenID>
    <RoboterID>262</RoboterID>
    <Achsnummer>1</Achsnummer>
    <Masse>0</Masse>
    <c_x>0</c_x>
    <c_y>0</c_y>
    <c_z>0</c_z>
    <I_x>0</I_x>
    <I_y>0</I_y>
    <I_z>0</I_z>
    <rz>0.95</rz>
    <rh>329.2</rh>
    <rv>909.4</rv>
    <max_Motorstrom>0</max_Motorstrom>
    <max_Motormoment>55</max_Motormoment>
    <max_Getriebemoment>9600</max_Getriebemoment>
    <MotUebersetzung>-256.85714285714283</MotUebersetzung>
    <Motortraegheit>874.1766</Motortraegheit>
    <kt>0</kt>
    <Datum>2010-12-23T00:00:00+01:00</Datum>
  </Roboter_Grundachsen>
  <Roboter_Grundachsen>
    <GrundachsenID>1245</GrundachsenID>
    <RoboterID>262</RoboterID>
    <Achsnummer>2</Achsnummer>
    <Masse>256.148</Masse>
    <c_x>0</c_x>
    <c_y>0</c_y>
    <c_z>0</c_z>
    <I_x>0</I_x>
    <I_y>0</I_y>
    <I_z>0</I_z>
    <rz>0.95</rz>
    <rh>370.6</rh>
    <rv>1045</rv>
    <max_Motorstrom>0</max_Motorstrom>
    <max_Motormoment>61</max_Motormoment>
    <max_Getriebemoment>9600</max_Getriebemoment>
    <MotUebersetzung>-267.42857142857144</MotUebersetzung>
    <Motortraegheit>908.7083</Motortraegheit>
    <kt>0</kt>
    <Datum>2010-12-23T00:00:00+01:00</Datum>
  </Roboter_Grundachsen>
  <Roboter_Grundachsen>
    <GrundachsenID>1246</GrundachsenID>
    <RoboterID>262</RoboterID>
    <Achsnummer>3</Achsnummer>
    <Masse>178.306</Masse>
    <c_x>-0.041</c_x>
    <c_y>0.19183519999999998</c_y>
    <c_z>0</c_z>
    <I_x>29.78446</I_x>
    <I_y>3.389598</I_y>
    <I_z>28.75592</I_z>
    <rz>0.95</rz>
    <rh>658.8</rh>
    <rv>879.4</rv>
    <max_Motorstrom>0</max_Motorstrom>
    <max_Motormoment>61</max_Motormoment>
    <max_Getriebemoment>6686</max_Getriebemoment>
    <MotUebersetzung>-252.33333333333334</MotUebersetzung>
    <Motortraegheit>793.0361</Motortraegheit>
    <kt>0</kt>
    <Datum>2010-12-23T00:00:00+01:00</Datum>
  </Roboter_Grundachsen>
  <Roboter_Handachsen>
    <HandachsenID>1241</HandachsenID>
    <RoboterID>262</RoboterID>
    <Achsnummer>4</Achsnummer>
    <rz>0.9</rz>
    <rh>71.2</rh>
    <rv>104.1</rv>
    <max_Motorstrom>0</max_Motorstrom>
    <max_Motormoment>18</max_Motormoment>
    <max_Getriebemoment>2140</max_Getriebemoment>
    <MotUebersetzung>-198.9</MotUebersetzung>
    <Motortraegheit>98.44704</Motortraegheit>
    <kt>0</kt>
    <Datum>2010-12-23T00:00:00+01:00</Datum>
  </Roboter_Handachsen>
  <Roboter_Handachsen>
    <HandachsenID>1242</HandachsenID>
    <RoboterID>262</RoboterID>
    <Achsnummer>5</Achsnummer>
    <rz>0.9</rz>
    <rh>96.9</rh>
    <rv>169.2</rv>
    <max_Motorstrom>0</max_Motorstrom>
    <max_Motormoment>18</max_Motormoment>
    <max_Getriebemoment>2140</max_Getriebemoment>
    <MotUebersetzung>-209.66666666666666</MotUebersetzung>
    <Motortraegheit>119.0277</Motortraegheit>
    <kt>0</kt>
    <Datum>2010-12-23T00:00:00+01:00</Datum>
  </Roboter_Handachsen>
  <Roboter_Handachsen>
    <HandachsenID>1243</HandachsenID>
    <RoboterID>262</RoboterID>
    <Achsnummer>6</Achsnummer>
    <rz>0.98</rz>
    <rh>42.1</rh>
    <rv>134.4</rv>
    <max_Motorstrom>0</max_Motorstrom>
    <max_Motormoment>18</max_Motormoment>
    <max_Getriebemoment>1252</max_Getriebemoment>
    <MotUebersetzung>-131.15149253731343</MotUebersetzung>
    <Motortraegheit>45.11652</Motortraegheit>
    <kt>0</kt>
    <Datum>2010-12-23T00:00:00+01:00</Datum>
  </Roboter_Handachsen>
  <Roboter_Motorbestueckung>
    <Roboter_MotorbestueckungID>298</Roboter_MotorbestueckungID>
    <MotorbestueckungID>107</MotorbestueckungID>
    <RoboterID>262</RoboterID>
    <Datum>2010-12-23T10:26:00+01:00</Datum>
  </Roboter_Motorbestueckung>
</LdeDataSet>