﻿<?xml version="1.0" encoding="utf-8"?>
<!--XML file automatically generated by WorkVisual V5.0.7_Build0755.-->
<!--DO NOT EDIT-->
<DriveTech xsi:noNamespaceSchemaLocation="../../../System/Common/Schemes/NextGenDriveTech.xsd" xmlns:xsi="http://www.w3.org/2001/XMLSchema-instance">
  <Version Label="">
    <Info Version="KUKA V8.3" />
    <Schema Version="3" />
  </Version>
  <AxisConfig>
    <Axis ID="1" SupplyChannel="1" ConfigFile="Mada\NGAxis\A1.xml" />
    <Axis ID="2" SupplyChannel="1" ConfigFile="Mada\NGAxis\A2.xml" />
    <Axis ID="3" SupplyChannel="1" ConfigFile="Mada\NGAxis\A3.xml" />
    <Axis ID="4" SupplyChannel="1" ConfigFile="Mada\NGAxis\A4.xml" />
    <Axis ID="5" SupplyChannel="1" ConfigFile="Mada\NGAxis\A5.xml" />
    <Axis ID="6" SupplyChannel="1" ConfigFile="Mada\NGAxis\A6.xml" />
    <Axis ID="7" SupplyChannel="1" ConfigFile="Mada\NGAxis\E1.xml" />
  </AxisConfig>
  <SensorConfig />
  <SupplyConfig>
    <Supply Capacity="0.00101" ConfigFile="Supply/KPP_400V_16.xml" />
  </SupplyConfig>
  <FastMeasuring>
    <Channel ID="1" Description="FastMeasureChannel 1" />
    <Channel ID="2" Description="FastMeasureChannel 2" />
    <Channel ID="3" Description="FastMeasureChannel 3" />
    <Channel ID="4" Description="FastMeasureChannel 4" />
    <Channel ID="5" Description="FastMeasureChannel 5" />
    <Channel ID="6" Description="FastMeasureChannel 6" />
    <Channel ID="7" Description="FastMeasureChannel 7" />
    <Channel ID="8" Description="FastMeasureChannel 8" />
  </FastMeasuring>
  <CommonConfig SdoPollIntervall="2" />
</DriveTech>