﻿<?xml version="1.0" encoding="utf-8"?>
<!--XML file automatically generated by WorkVisual V5.0.7_Build0755.-->
<!--DO NOT EDIT-->
<Axis xsi:noNamespaceSchemaLocation="../../../../System/Common/Schemes/NGAxis.xsd" xmlns:xsi="http://www.w3.org/2001/XMLSchema-instance">
  <Version Label="">
    <Info Version="KUKA V8.3" />
    <Schema Version="1" />
  </Version>
  <Machine Name="#KR240R2900 ULTRA C4 FLR" />
  <AxisData Simulation="Off" Type="Rotator" Mode="StandAlone" MessageDisable="0" />
  <ToolMotor ExtTorqueOfInertia="0.00076" MaximalEnergy="892.21" RampUpTimeUnderLoad="650" RampStopTime="340" MotorFile="Motor\M_D01_KSP20_400V_V1.xml" ServoFile="ServoFile\S_D01_KSP20_400V_V1.xml" ParameterFile="Mada\NGAxis\CtrlA4.xml" AdditionalFunctionFile="Mada\NGAxis\CtrlA4AddFct.xml">
    <Monitoring PositionLag="397.8" PositionLagSoft="1591.2" Speed="6120" SpeedLag="0" />
    <Limit Current="0" Speed="0" />
  </ToolMotor>
  <Inversion Position="false" Velocity="false" Torque="false" />
  <Delay ActValue="2" CmdValue="24" />
  <Mastering ChannelName="EMD-Data" Type="EMD" />
</Axis>