﻿<?xml version="1.0" encoding="utf-8"?>
<!--XML file automatically generated by WorkVisual V5.0.7_Build0755.-->
<!--DO NOT EDIT-->
<CtrlParam xsi:noNamespaceSchemaLocation="../../../../System/Common/Schemes/NGCtrl.xsd" xmlns:xsi="http://www.w3.org/2001/XMLSchema-instance">
  <Version Label="">
    <Info Version="KUKA V8.3" />
    <Schema Version="1" />
  </Version>
  <Machine Name="#KR240R2900 ULTRA C4 FLR" />
  <Controller ID="2" />
  <GlobalParameter Name="CmdPosDelay" Index="0" MinValue="0.0" MaxValue="0.0" EvalBoundary="Min" Access="ro" Value="0.0" />
  <GlobalParameter Name="FFCVelocity" Index="1" MinValue="0.0" MaxValue="1.0" EvalBoundary="MinMax" Access="ro" Value="1.0" />
  <GlobalParameter Name="FFCTorque" Index="2" MinValue="0.0" MaxValue="1.0" EvalBoundary="MinMax" Access="ro" Value="1.0" />
  <GlobalParameter Name="CtrlCycle" Index="3" MinValue="1.0" MaxValue="0.0" EvalBoundary="Min" Access="ro" Value="1.0" />
  <GlobalParameter Name="CtrlOffset" Index="5" MinValue="0.0" MaxValue="0.0" EvalBoundary="Min" Access="ro" Value="0.0" />
  <GlobalParameter Name="MECHPARAM0002" Index="9" MinValue="0" MaxValue="0" EvalBoundary="Off" Access="ro" Value="7546.5" />
  <GlobalParameter Name="MECHPARAM0003" Index="10" MinValue="0" MaxValue="0" EvalBoundary="Off" Access="ro" Value="2710095.1983" />
  <GlobalParameter Name="MECHPARAM0004" Index="11" MinValue="0" MaxValue="0" EvalBoundary="Off" Access="ro" Value="0" />
  <GlobalParameter Name="MECHPARAM0005" Index="12" MinValue="0" MaxValue="0" EvalBoundary="Off" Access="ro" Value="0.75" />
  <GlobalParameter Name="MECHPARAM0006" Index="13" MinValue="0" MaxValue="0" EvalBoundary="Off" Access="ro" Value="1.25" />
  <GlobalParameter Name="MECHPARAM0007" Index="14" MinValue="0" MaxValue="0" EvalBoundary="Off" Access="ro" Value="0.25" />
  <GlobalParameter Name="MECHPARAM0008" Index="15" MinValue="0" MaxValue="0" EvalBoundary="Off" Access="ro" Value="0.6" />
  <GlobalParameter Name="MECHPARAM0009" Index="16" MinValue="0" MaxValue="0" EvalBoundary="Off" Access="ro" Value="1.5" />
  <GlobalParameter Name="MECHPARAM0010" Index="17" MinValue="0" MaxValue="0" EvalBoundary="Off" Access="ro" Value="0.5" />
  <GlobalParameter Name="MECHPARAM0011" Index="100" MinValue="0" MaxValue="0" EvalBoundary="Off" Access="ro" Value="0" />
  <GlobalParameter Name="MECHPARAM0012" Index="101" MinValue="0" MaxValue="0" EvalBoundary="Off" Access="ro" Value="-1" />
  <GlobalParameter Name="MECHPARAM0013" Index="102" MinValue="0" MaxValue="0" EvalBoundary="Off" Access="ro" Value="24" />
  <GlobalParameter Name="MECHPARAM0014" Index="103" MinValue="0" MaxValue="0" EvalBoundary="Off" Access="ro" Value="8" />
  <GlobalParameter Name="MECHPARAM0015" Index="104" MinValue="0" MaxValue="0" EvalBoundary="Off" Access="ro" Value="4" />
  <GlobalParameter Name="MECHPARAM0016" Index="105" MinValue="0" MaxValue="0" EvalBoundary="Off" Access="ro" Value="1" />
  <GlobalParameter Name="MECHPARAM0017" Index="106" MinValue="0" MaxValue="0" EvalBoundary="Off" Access="ro" Value="1" />
  <GlobalParameter Name="MECHPARAM0018" Index="107" MinValue="0" MaxValue="0" EvalBoundary="Off" Access="ro" Value="0.1" />
  <GlobalParameter Name="MECHPARAM0019" Index="108" MinValue="0" MaxValue="0" EvalBoundary="Off" Access="ro" Value="2" />
  <GlobalParameter Name="MECHPARAM0020" Index="109" MinValue="0" MaxValue="0" EvalBoundary="Off" Access="ro" Value="20" />
  <GlobalParameter Name="MECHPARAM0021" Index="110" MinValue="0" MaxValue="0" EvalBoundary="Off" Access="ro" Value="0.03" />
  <GlobalParameter Name="MECHPARAM0022" Index="111" MinValue="0" MaxValue="0" EvalBoundary="Off" Access="ro" Value="0.01" />
  <GlobalParameter Name="MECHPARAM0023" Index="120" MinValue="0" MaxValue="0" EvalBoundary="Off" Access="ro" Value="0" />
  <GlobalParameter Name="MECHPARAM0024" Index="121" MinValue="0" MaxValue="0" EvalBoundary="Off" Access="ro" Value="0" />
  <GlobalParameter Name="MECHPARAM0025" Index="122" MinValue="0" MaxValue="0" EvalBoundary="Off" Access="ro" Value="0" />
  <GlobalParameter Name="MECHPARAM0026" Index="123" MinValue="0" MaxValue="0" EvalBoundary="Off" Access="ro" Value="0" />
  <GlobalParameter Name="MECHPARAM0027" Index="124" MinValue="0" MaxValue="0" EvalBoundary="Off" Access="ro" Value="0" />
  <GlobalParameter Name="MECHPARAM0028" Index="125" MinValue="0" MaxValue="0" EvalBoundary="Off" Access="ro" Value="0" />
  <GlobalParameter Name="MECHPARAM0029" Index="126" MinValue="0" MaxValue="0" EvalBoundary="Off" Access="ro" Value="0" />
  <GlobalParameter Name="MECHPARAM0030" Index="127" MinValue="0" MaxValue="0" EvalBoundary="Off" Access="ro" Value="0" />
  <GlobalParameter Name="MECHPARAM0031" Index="130" MinValue="0" MaxValue="0" EvalBoundary="Off" Access="ro" Value="0" />
  <GlobalParameter Name="MECHPARAM0032" Index="131" MinValue="0" MaxValue="0" EvalBoundary="Off" Access="ro" Value="0" />
  <GlobalParameter Name="MECHPARAM0033" Index="132" MinValue="0" MaxValue="0" EvalBoundary="Off" Access="ro" Value="0" />
  <GlobalParameter Name="MECHPARAM0034" Index="133" MinValue="0" MaxValue="0" EvalBoundary="Off" Access="ro" Value="0" />
  <GlobalParameter Name="MECHPARAM0035" Index="134" MinValue="0" MaxValue="0" EvalBoundary="Off" Access="ro" Value="0" />
  <GlobalParameter Name="MECHPARAM0036" Index="135" MinValue="0" MaxValue="0" EvalBoundary="Off" Access="ro" Value="0" />
  <GlobalParameter Name="MECHPARAM0037" Index="136" MinValue="0" MaxValue="0" EvalBoundary="Off" Access="ro" Value="0" />
  <GlobalParameter Name="MECHPARAM0038" Index="137" MinValue="0" MaxValue="0" EvalBoundary="Off" Access="ro" Value="0" />
  <GlobalParameter Name="MECHPARAM0039" Index="138" MinValue="0" MaxValue="0" EvalBoundary="Off" Access="ro" Value="0" />
  <GlobalParameter Name="MECHPARAM0040" Index="139" MinValue="0" MaxValue="0" EvalBoundary="Off" Access="ro" Value="0" />
  <GlobalParameter Name="MECHPARAM0041" Index="140" MinValue="0" MaxValue="0" EvalBoundary="Off" Access="ro" Value="0" />
  <GlobalParameter Name="MECHPARAM0042" Index="141" MinValue="0" MaxValue="0" EvalBoundary="Off" Access="ro" Value="0" />
  <GlobalParameter Name="MECHPARAM0043" Index="142" MinValue="0" MaxValue="0" EvalBoundary="Off" Access="ro" Value="0" />
  <GlobalParameter Name="MECHPARAM0044" Index="143" MinValue="0" MaxValue="0" EvalBoundary="Off" Access="ro" Value="0" />
  <GlobalParameter Name="MECHPARAM0045" Index="144" MinValue="0" MaxValue="0" EvalBoundary="Off" Access="ro" Value="0" />
  <GlobalParameter Name="MECHPARAM0046" Index="145" MinValue="0" MaxValue="0" EvalBoundary="Off" Access="ro" Value="0" />
  <GlobalParameter Name="MECHPARAM0047" Index="146" MinValue="0" MaxValue="0" EvalBoundary="Off" Access="ro" Value="0" />
  <GlobalParameter Name="MECHPARAM0048" Index="147" MinValue="0" MaxValue="0" EvalBoundary="Off" Access="ro" Value="0" />
  <GlobalParameter Name="MECHPARAM0049" Index="148" MinValue="0" MaxValue="0" EvalBoundary="Off" Access="ro" Value="0" />
  <GlobalParameter Name="MECHPARAM0050" Index="149" MinValue="0" MaxValue="0" EvalBoundary="Off" Access="ro" Value="0" />
  <GlobalParameter Name="MECHPARAM0051" Index="150" MinValue="0" MaxValue="0" EvalBoundary="Off" Access="ro" Value="0" />
  <GlobalParameter Name="MECHPARAM0052" Index="151" MinValue="0" MaxValue="0" EvalBoundary="Off" Access="ro" Value="0" />
  <GlobalParameter Name="MECHPARAM0053" Index="152" MinValue="0" MaxValue="0" EvalBoundary="Off" Access="ro" Value="0" />
  <GlobalParameter Name="MECHPARAM0054" Index="153" MinValue="0" MaxValue="0" EvalBoundary="Off" Access="ro" Value="0" />
  <GlobalParameter Name="MECHPARAM0055" Index="154" MinValue="0" MaxValue="0" EvalBoundary="Off" Access="ro" Value="0" />
  <GlobalParameter Name="MECHPARAM0056" Index="155" MinValue="0" MaxValue="0" EvalBoundary="Off" Access="ro" Value="0" />
  <GlobalParameter Name="MECHPARAM0059" Index="200" MinValue="0" MaxValue="0" EvalBoundary="Off" Access="ro" Value="500" />
  <Parameter Name="PosGain" Index="0" MinValue="0.0" MaxValue="0.0" EvalBoundary="Min" Access="rw">
    <Set Name="PTP" Value="70.5" />
    <Set Name="CP" Value="70.5" />
  </Parameter>
  <Parameter Name="PosIntTime" Index="1" MinValue="0.0" MaxValue="0.0" EvalBoundary="Min" Access="rw">
    <Set Name="PTP" Value="0.0" />
    <Set Name="CP" Value="0.0" />
  </Parameter>
  <Parameter Name="VelGain" Index="2" MinValue="0.0" MaxValue="0.0" EvalBoundary="Min" Access="rw">
    <Set Name="PTP" Value="0.03" />
    <Set Name="CP" Value="0.03" />
  </Parameter>
  <Parameter Name="VelIntTime" Index="3" MinValue="0.0" MaxValue="0.0" EvalBoundary="Min" Access="rw">
    <Set Name="PTP" Value="0.3" />
    <Set Name="CP" Value="0.3" />
  </Parameter>
</CtrlParam>