﻿<?xml version="1.0" encoding="utf-8"?>
<!--XML file automatically generated by WorkVisual V5.0.7_Build0755.-->
<!--DO NOT EDIT-->
<AdditionalFunctions xsi:noNamespaceSchemaLocation="../../../../System/Common/Schemes/NGCtrlAdditionalFunctions.xsd" xmlns:xsi="http://www.w3.org/2001/XMLSchema-instance">
  <Version Label="">
    <Info Version="KUKA V8.3" />
    <Schema Version="1" />
  </Version>
  <AdditionalCtrlFiles>
    <AdditionalCtrlFile FileName="Ctrl_MDL_DAT.xml" isActive="true" />
    <AdditionalCtrlFile FileName="Ctrl_MDL_A1.xml" isActive="true" />
    <AdditionalCtrlFile FileName="Ctrl_VMV_std.xml" isActive="true" />
  </AdditionalCtrlFiles>
</AdditionalFunctions>