﻿<?xml version="1.0" encoding="utf-8"?>
<!--XML file automatically generated by WorkVisual V5.0.7_Build0755.-->
<!--DO NOT EDIT-->
<Axis xsi:noNamespaceSchemaLocation="../../../../System/Common/Schemes/NGAxis.xsd" xmlns:xsi="http://www.w3.org/2001/XMLSchema-instance">
  <Version Label="">
    <Info Version="KUKA V8.3" />
    <Schema Version="1" />
  </Version>
  <Machine Name="PermanenteZange" />
  <AxisData Simulation="On_Silent" Type="Rotator" Mode="StandAlone" MessageDisable="0" />
  <ToolMotor ExtTorqueOfInertia="0.0019" MaximalEnergy="1" RampUpTimeUnderLoad="125" RampStopTime="237.5" MotorFile="Motor\Default.xml" ServoFile="ServoFile\Default.xml" ParameterFile="Mada\NGAxis\CtrlE1.xml" AdditionalFunctionFile="Mada\NGAxis\CtrlE1AddFct.xml">
    <Monitoring PositionLag="368" PositionLagSoft="1472" Speed="10000" SpeedLag="0" />
    <Limit Current="32" Speed="0" />
  </ToolMotor>
  <Inversion Position="false" Velocity="false" Torque="false" />
  <Delay ActValue="2" CmdValue="24" />
  <Mastering ChannelName="EMD-Data" Type="EMD" />
</Axis>